step,time,omega,kinetic,potential,entropy,gradient_norm,max_density,min_density,is_stable,gradient_energy,entropy_interaction,order_parameter,domain_count
0,0.01,-0.5001768350205273,0.0,-0.5001790531120369,0.0,0.0,0.007633293225440744,-0.006216813754190538,True,2.2180915095827786e-06,0.0,0.001691506027442202,718
10,0.10999999999999999,-0.5340468135086055,0.0,-0.5479571721495902,0.0,0.0,0.6435314647828524,-0.6471496352733208,True,0.013910358640984728,0.0,0.2601658003118098,317
20,0.21000000000000005,-0.6896497897903919,0.0,-0.7566038434326017,0.0,0.0,0.9749410824513793,-0.9808641183507931,True,0.06695405364220984,0.0,0.6562348231212161,279
30,0.3100000000000001,-0.7526717620155079,0.0,-0.8128016965735061,0.0,0.0,1.0170421031201264,-1.0768175093329924,True,0.060129934557998185,0.0,0.7382164344927148,252
40,0.4100000000000002,-0.7471777633057938,0.0,-0.8097977885252294,0.0,0.0,1.2654006781254692,-1.232932796736761,True,0.06262002521943563,0.0,0.7262715706223637,253
