{
  "case_id": "ATL_C_017_s0",
  "run_id": "20251226-211732_1768ecc0ff8e",
  "model": "C_only",
  "status": "PASS",
  "fail_reasons": [],
  "warnings": [],
  "Omega0": 25.40843965128838,
  "OmegaT": 25.40843965128838,
  "Omega0_density": 25.40843965128838,
  "OmegaT_density": 25.40843965128838,
  "max_energy_increase": 0.0,
  "energy_increase_count": 0,
  "nan_inf_detected": false,
  "blowup_detected": false,
  "max_abs_C": 4.0441642645039867e-112,
  "max_abs_I": 0.0,
  "max_L4_C": 0.052783706457540665,
  "max_L4_I": 0.0,
  "steps_total": 500000,
  "steps_accepted": 500000,
  "dt_min": 0.0005,
  "dt_max": 0.0005,
  "dt_backtracks_total": 0,
  "runtime_s": 513.141122341156,
  "config_hash": "1768ecc0ff8e",
  "code_hash": "uet_harness_v0.1"
}