{
  "case_id": "archetype_weak_coupling",
  "run_id": "",
  "model": "C_I",
  "status": "PASS",
  "fail_reasons": [],
  "warnings": [],
  "Omega0": 82.1178453418115,
  "OmegaT": -127.09176869715353,
  "Omega0_density": 0.821178453418115,
  "OmegaT_density": -1.2709176869715353,
  "max_energy_increase": 2.842170943040401e-14,
  "energy_increase_count": 0,
  "nan_inf_detected": false,
  "blowup_detected": false,
  "max_abs_C": 1.1651120011934943,
  "max_abs_I": 1.165112001193487,
  "max_L4_C": 1.1651120011934462,
  "max_L4_I": 1.1651120011934404,
  "steps_total": 1000,
  "steps_accepted": 1000,
  "steps_rejected": 0,
  "acceptance_ratio": 1.0,
  "dt_min": 0.01,
  "dt_max": 0.01,
  "dt_backtracks_total": 0,
  "avg_backtracks_per_step": 0.0,
  "runtime_s": 0.0,
  "config_hash": "",
  "code_hash": "unknown"
}