{
  "case_id": "ATL_C_011_s0",
  "run_id": "20251226-190443_37a3bcb4c747",
  "model": "C_only",
  "status": "PASS",
  "fail_reasons": [],
  "warnings": [],
  "Omega0": 25.403785343468964,
  "OmegaT": 25.403785343468964,
  "Omega0_density": 25.403785343468964,
  "OmegaT_density": 25.403785343468964,
  "max_energy_increase": 0.0,
  "energy_increase_count": 0,
  "nan_inf_detected": false,
  "blowup_detected": false,
  "max_abs_C": 0.5848035476424651,
  "max_abs_I": 0.0,
  "max_L4_C": 0.5848035476424651,
  "max_L4_I": 0.0,
  "steps_total": 500000,
  "steps_accepted": 500000,
  "dt_min": 0.0005,
  "dt_max": 0.0005,
  "dt_backtracks_total": 0,
  "runtime_s": 430.7053518295288,
  "config_hash": "37a3bcb4c747",
  "code_hash": "uet_harness_v0.1"
}