step,time,omega,kinetic,potential,entropy,gradient_norm,max_density,min_density,is_stable,gradient_energy,entropy_interaction,order_parameter,domain_count
0,0.01,-0.5000453544205843,0.0,-0.5000478225565279,0.0,0.0,0.008192140100748762,-0.006069120255589698,True,2.4681359436914272e-06,0.0,0.0018798127646015026,655
10,0.10999999999999999,-0.5453023355214937,0.0,-0.5657585793442761,0.0,0.0,0.8123846371740588,-0.7483737867617815,True,0.02045624382278246,0.0,0.3070184199289114,378
20,0.21000000000000005,-0.6592529646013319,0.0,-0.7321998158373448,0.0,0.0,0.946991093905763,-0.9778510033136102,True,0.07294685123601292,0.0,0.6207008369869895,318
30,0.3100000000000001,-0.6815848931993305,0.0,-0.7497809760366307,0.0,0.0,0.9562568786371997,-1.0545389283147073,True,0.06819608283730039,0.0,0.6493584339646918,293
40,0.4100000000000002,-0.7311962469497255,0.0,-0.791770096652155,0.0,0.0,1.004338640558444,-1.2093369152865372,True,0.0605738497024296,0.0,0.7109532674508748,245
