{
  "case_id": "ATL_C_004_s0",
  "run_id": "20251226-162232_3522a6d6c3e1",
  "model": "C_only",
  "status": "PASS",
  "fail_reasons": [],
  "warnings": [],
  "Omega0": 127.01236963039526,
  "OmegaT": 127.01236963039526,
  "Omega0_density": 127.01236963039526,
  "OmegaT_density": 127.01236963039526,
  "max_energy_increase": 0.0,
  "energy_increase_count": 0,
  "nan_inf_detected": false,
  "blowup_detected": false,
  "max_abs_C": 1.0880339146912026,
  "max_abs_I": 0.0,
  "max_L4_C": 1.0880339146912026,
  "max_L4_I": 0.0,
  "steps_total": 500000,
  "steps_accepted": 500000,
  "dt_min": 0.0005,
  "dt_max": 0.0005,
  "dt_backtracks_total": 0,
  "runtime_s": 442.6371068954468,
  "config_hash": "3522a6d6c3e1",
  "code_hash": "uet_harness_v0.1"
}