{
  "case_id": "ATL_C_009_s2",
  "run_id": "20251226-183429_221ae577f9d2",
  "model": "C_only",
  "status": "PASS",
  "fail_reasons": [],
  "warnings": [],
  "Omega0": 25.665119614008,
  "OmegaT": 25.665119614008,
  "Omega0_density": 25.665119614008,
  "OmegaT_density": 25.665119614008,
  "max_energy_increase": 0.0,
  "energy_increase_count": 0,
  "nan_inf_detected": false,
  "blowup_detected": false,
  "max_abs_C": 0.0011978118976343842,
  "max_abs_I": 0.0,
  "max_L4_C": 0.05239454355387477,
  "max_L4_I": 0.0,
  "steps_total": 500000,
  "steps_accepted": 500000,
  "dt_min": 0.0005,
  "dt_max": 0.0005,
  "dt_backtracks_total": 0,
  "runtime_s": 446.08012104034424,
  "config_hash": "221ae577f9d2",
  "code_hash": "uet_harness_v0.1"
}