{
  "case_id": "ATL_C_015_s2",
  "run_id": "20251226-204832_0c2b5e9b07e9",
  "model": "C_only",
  "status": "PASS",
  "fail_reasons": [],
  "warnings": [],
  "Omega0": 25.665432892525253,
  "OmegaT": 25.665432892525253,
  "Omega0_density": 25.665432892525253,
  "OmegaT_density": 25.665432892525253,
  "max_energy_increase": 0.0,
  "energy_increase_count": 0,
  "nan_inf_detected": false,
  "blowup_detected": false,
  "max_abs_C": 0.464158883361235,
  "max_abs_I": 0.0,
  "max_L4_C": 0.46415888336123506,
  "max_L4_I": 0.0,
  "steps_total": 500000,
  "steps_accepted": 500000,
  "dt_min": 0.0005,
  "dt_max": 0.0005,
  "dt_backtracks_total": 0,
  "runtime_s": 428.73120164871216,
  "config_hash": "0c2b5e9b07e9",
  "code_hash": "uet_harness_v0.1"
}