{
  "case_id": "ATL_C_006_s1",
  "run_id": "20251226-171648_2e54a514fc23",
  "model": "C_only",
  "status": "PASS",
  "fail_reasons": [],
  "warnings": [],
  "Omega0": 128.98090210262515,
  "OmegaT": 128.98090210262515,
  "Omega0_density": 128.98090210262515,
  "OmegaT_density": 128.98090210262515,
  "max_energy_increase": 0.0,
  "energy_increase_count": 0,
  "nan_inf_detected": false,
  "blowup_detected": false,
  "max_abs_C": 0.7071067811864921,
  "max_abs_I": 0.0,
  "max_L4_C": 0.7071067811864921,
  "max_L4_I": 0.0,
  "steps_total": 500000,
  "steps_accepted": 500000,
  "dt_min": 0.0005,
  "dt_max": 0.0005,
  "dt_backtracks_total": 0,
  "runtime_s": 483.17089223861694,
  "config_hash": "2e54a514fc23",
  "code_hash": "uet_harness_v0.1"
}