{
  "n_runs": 500000,
  "grid_size": 32,
  "omega_mean": 3504.69287109375,
  "omega_std": 124.4833755493164,
  "omega_ci_95": [
    3253.8046875,
    3741.5
  ],
  "elapsed_seconds": 92.33770847320557,
  "runs_per_second": 5414.905873964691,
  "device": "cpu",
  "backend": "jax",
  "jax_available": true,
  "params": {
    "N": 32,
    "T": 2.0,
    "dt": 0.02,
    "kappa": 0.3,
    "beta": 0.5,
    "s": 0.0
  }
}