{
  "case_id": "ATL_C_019_s0",
  "run_id": "20251226-220858_9f44204e2033",
  "model": "C_only",
  "status": "PASS",
  "fail_reasons": [],
  "warnings": [],
  "Omega0": 25.408762232378603,
  "OmegaT": 25.408762232378603,
  "Omega0_density": 25.408762232378603,
  "OmegaT_density": 25.408762232378603,
  "max_energy_increase": 0.0,
  "energy_increase_count": 0,
  "nan_inf_detected": false,
  "blowup_detected": false,
  "max_abs_C": 0.19282993096288803,
  "max_abs_I": 0.0,
  "max_L4_C": 0.19282993096288803,
  "max_L4_I": 0.0,
  "steps_total": 500000,
  "steps_accepted": 500000,
  "dt_min": 0.0005,
  "dt_max": 0.0005,
  "dt_backtracks_total": 0,
  "runtime_s": 420.32751178741455,
  "config_hash": "9f44204e2033",
  "code_hash": "uet_harness_v0.1"
}