{
  "case_id": "test01",
  "run_id": "20251226-115656_4f6a7cc47265",
  "model": "C_only",
  "status": "PASS",
  "fail_reasons": [],
  "warnings": [],
  "Omega0": 14.608147174079772,
  "OmegaT": 0.0010614880262600455,
  "Omega0_density": 0.14608147174079772,
  "OmegaT_density": 1.0614880262600455e-05,
  "max_energy_increase": 0.0,
  "energy_increase_count": 0,
  "nan_inf_detected": false,
  "blowup_detected": false,
  "max_abs_C": 0.009873100063339448,
  "max_abs_I": 0.0,
  "max_L4_C": 0.10173860580720717,
  "max_L4_I": 0.0,
  "steps_total": 100,
  "steps_accepted": 100,
  "dt_min": 0.009999999999999343,
  "dt_max": 0.01,
  "dt_backtracks_total": 0,
  "runtime_s": 0.05043840408325195,
  "config_hash": "4f6a7cc47265",
  "code_hash": "uet_harness_v0.1",
  "fail_code": "PASS"
}