{
  "title": "Strong_Coupling",
  "description": "Simulation of C_I model. Final phase: BIAS_C. Energy reduction: 490.7%.",
  "key_params": {
    "model": "C_I",
    "grid": 32,
    "L": 10.0,
    "T": 5.0,
    "dt": 0.01,
    "\u03b2": 0.9,
    "\u03ba_C": 0.5,
    "\u03ba_I": 0.5,
    "aC_": -1.0,
    "\u03b4C_": 1.0,
    "sC_": 0.0,
    "aI_": -1.0,
    "\u03b4I_": 1.0,
    "sI_": 0.0
  },
  "metrics": {
    "\u03a9_0": 32.44502455286453,
    "\u03a9_T": -126.75528336824804,
    "\u0394\u03a9": 159.20030792111257,
    "\u0394\u03a9_rel": 4.9067710724557605,
    "mean_C_final": 0.862742416604281,
    "mean_I_final": 0.8625423697619758,
    "bias_CI_final": 0.0002000468423051,
    "phase": "BIAS_C",
    "\u03a9_std_tail": 0.2219230451881452,
    "total_backtracks": 0
  },
  "model": "C_I",
  "generated_at": "2025-12-20T16:57:59.106046"
}