{
  "run_id": "1769064663_UET_Cluster_Halo",
  "simulation": "UET_Cluster_Halo",
  "status": "COMPLETED",
  "timestamp": "Thu Jan 22 13:51:03 2026",
  "duration_seconds": 0.0023937225341796875,
  "total_steps": 1,
  "metadata": {
    "nx": 40,
    "ny": 40,
    "dt": 0.001,
    "kappa": 1.0,
    "beta": 1.0,
    "alpha": 1.0,
    "C0": 0.0
  },
  "final_state": {
    "step": 0,
    "time": 0.001,
    "omega": 43.82538623831151,
    "kinetic": 0.0,
    "potential": 0.29839888179902996,
    "entropy": 0.0,
    "gradient_norm": 0.0,
    "max_density": 6.0253491659765155,
    "min_density": 0.017365904622862176,
    "is_stable": true,
    "gradient_energy": 43.52698735651248,
    "entropy_interaction": 0.0,
    "M_baryon": 500.0,
    "M_halo": 45.695497178272,
    "M_total": 545.695497178272,
    "Halo_Ratio": 0.09139099435636122,
    "V_virial": 23.36012622350898
  }
}