Mass_Msun,Rs_m,R_photon_m,Temp_K,Entropy_J_K,Life_Years
1.0,2953.845147376436,4430.767721064654,6.16872720064723e-08,1.4490136599106143e+54,6.6e+74
10.0,29538.451473764362,44307.67721064654,6.168727200647229e-09,1.449013659910614e+56,6.600000000000001e+77
1000000.0,2953845147.3764358,4430767721.064653,6.168727200647228e-14,1.4490136599106143e+66,6.600000000000001e+92
4000000.0,11815380589.505743,17723070884.258614,1.542181800161807e-14,2.318421855856983e+67,4.2240000000000004e+94
6500000000.0,19199993457946.836,28799990186920.254,9.490349539457275e-18,6.122082713122346e+73,1.812525e+104
