{
  "case_id": "ATL_C_007_s0",
  "run_id": "20251226-173326_59c733b8a17d",
  "model": "C_only",
  "status": "PASS",
  "fail_reasons": [],
  "warnings": [],
  "Omega0": 25.398880922979078,
  "OmegaT": 25.398880922979078,
  "Omega0_density": 25.398880922979078,
  "OmegaT_density": 25.398880922979078,
  "max_energy_increase": 0.0,
  "energy_increase_count": 0,
  "nan_inf_detected": false,
  "blowup_detected": false,
  "max_abs_C": 0.7914254764290408,
  "max_abs_I": 0.0,
  "max_L4_C": 0.7914254764290408,
  "max_L4_I": 0.0,
  "steps_total": 500000,
  "steps_accepted": 500000,
  "dt_min": 0.0005,
  "dt_max": 0.0005,
  "dt_backtracks_total": 0,
  "runtime_s": 452.5676996707916,
  "config_hash": "59c733b8a17d",
  "code_hash": "uet_harness_v0.1"
}