{
  "case_id": "ATL_C_018_s0",
  "run_id": "20251226-214324_96646a13ee2f",
  "model": "C_only",
  "status": "PASS",
  "fail_reasons": [],
  "warnings": [],
  "Omega0": 127.02200082712432,
  "OmegaT": 127.02200082712432,
  "Omega0_density": 127.02200082712432,
  "OmegaT_density": 127.02200082712432,
  "max_energy_increase": 0.0,
  "energy_increase_count": 0,
  "nan_inf_detected": false,
  "blowup_detected": false,
  "max_abs_C": 4.0441965193687796e-112,
  "max_abs_I": 0.0,
  "max_L4_C": 0.026135804848899182,
  "max_L4_I": 0.0,
  "steps_total": 500000,
  "steps_accepted": 500000,
  "dt_min": 0.0005,
  "dt_max": 0.0005,
  "dt_backtracks_total": 0,
  "runtime_s": 503.4927980899811,
  "config_hash": "96646a13ee2f",
  "code_hash": "uet_harness_v0.1"
}