step,time,omega,kinetic,potential,entropy,gradient_norm,max_density,min_density,is_stable,gradient_energy,entropy_interaction,order_parameter,domain_count
0,0.01,-0.5005238241433032,0.0,-0.5005264398613414,0.0,0.0,0.005915701674542088,-0.00771055530640208,True,2.6157180381154805e-06,0.0,0.002059948295238239,630
10,0.10999999999999999,-0.5290047691892502,0.0,-0.5421325953994223,0.0,0.0,0.6769209069719195,-0.7494505536549918,True,0.013127826210172059,0.0,0.2210953624038643,376
20,0.21000000000000005,-0.6911769088559454,0.0,-0.7558613740551783,0.0,0.0,0.9702413615302046,-0.9843687853433803,True,0.06468446519923299,0.0,0.652905913661646,302
30,0.3100000000000001,-0.7445409006913224,0.0,-0.8034313610441277,0.0,0.0,0.9957568551360456,-1.0693023671716093,True,0.05889046035280527,0.0,0.7210148605610684,245
40,0.4100000000000002,-0.7407774340938743,0.0,-0.79814960529023,0.0,0.0,1.1454049331273826,-1.2365090500545075,True,0.057372171196355765,0.0,0.7118845973579211,234
