{
  "case_id": "ATL_C_004_s2",
  "run_id": "20251226-163731_34014574d2a2",
  "model": "C_only",
  "status": "PASS",
  "fail_reasons": [],
  "warnings": [],
  "Omega0": 128.3205242385718,
  "OmegaT": 128.3205242385718,
  "Omega0_density": 128.3205242385718,
  "OmegaT_density": 128.3205242385718,
  "max_energy_increase": 0.0,
  "energy_increase_count": 0,
  "nan_inf_detected": false,
  "blowup_detected": false,
  "max_abs_C": 1.0880339146912026,
  "max_abs_I": 0.0,
  "max_L4_C": 1.0880339146912026,
  "max_L4_I": 0.0,
  "steps_total": 500000,
  "steps_accepted": 500000,
  "dt_min": 0.0005,
  "dt_max": 0.0005,
  "dt_backtracks_total": 0,
  "runtime_s": 445.47381138801575,
  "config_hash": "34014574d2a2",
  "code_hash": "uet_harness_v0.1"
}