{
  "case_id": "ATL_C_002_s0",
  "run_id": "20251226-145026_8bfc2664f7ac",
  "model": "C_only",
  "status": "PASS",
  "fail_reasons": [],
  "warnings": [],
  "Omega0": 127.01204704930502,
  "OmegaT": 127.01204704930502,
  "Omega0_density": 127.01204704930502,
  "OmegaT_density": 127.01204704930502,
  "max_energy_increase": 0.0,
  "energy_increase_count": 0,
  "nan_inf_detected": false,
  "blowup_detected": false,
  "max_abs_C": 0.9999999999999445,
  "max_abs_I": 0.0,
  "max_L4_C": 0.9999999999999445,
  "max_L4_I": 0.0,
  "steps_total": 500000,
  "steps_accepted": 500000,
  "dt_min": 0.0005,
  "dt_max": 0.0005,
  "dt_backtracks_total": 0,
  "runtime_s": 429.7501428127289,
  "config_hash": "8bfc2664f7ac",
  "code_hash": "uet_harness_v0.1"
}