{
  "run_id": "1769058062_UET_Thermo_Bridge",
  "simulation": "UET_Thermo_Bridge",
  "status": "COMPLETED",
  "timestamp": "Thu Jan 22 12:01:02 2026",
  "duration_seconds": 0.246718168258667,
  "total_steps": 51,
  "metadata": {
    "nx": 100,
    "ny": 1,
    "dt": 1.0,
    "kappa": 1.0,
    "beta": 1.0,
    "alpha": 1.0,
    "C0": 1.0
  },
  "final_state": {
    "step": 5000,
    "time": 5001.0,
    "omega": 18.70865892087442,
    "kinetic": 0.0,
    "potential": 18.70865892087442,
    "entropy": 0.0,
    "gradient_norm": 0.0,
    "max_density": 8.99073310760601,
    "min_density": 4.314033808896174,
    "is_stable": true,
    "gradient_energy": 0.0,
    "entropy_interaction": 0.0,
    "S_total": 529.4518670488947,
    "T_A": 8.99073310760601,
    "T_B": 4.314033808896174,
    "E_A": 425,
    "E_B": 575
  }
}