{
  "case_id": "ATL_C_008_s2",
  "run_id": "20251226-181106_3d6dff2f1b36",
  "model": "C_only",
  "status": "PASS",
  "fail_reasons": [],
  "warnings": [],
  "Omega0": 128.32059786345698,
  "OmegaT": 128.32059786345698,
  "Omega0_density": 128.32059786345698,
  "OmegaT_density": 128.32059786345698,
  "max_energy_increase": 0.0,
  "energy_increase_count": 0,
  "nan_inf_detected": false,
  "blowup_detected": false,
  "max_abs_C": 0.7914254764290408,
  "max_abs_I": 0.0,
  "max_L4_C": 0.7914254764290408,
  "max_L4_I": 0.0,
  "steps_total": 500000,
  "steps_accepted": 500000,
  "dt_min": 0.0005,
  "dt_max": 0.0005,
  "dt_backtracks_total": 0,
  "runtime_s": 450.7347822189331,
  "config_hash": "3d6dff2f1b36",
  "code_hash": "uet_harness_v0.1"
}