{
  "case_id": "ATL_C_013_s0",
  "run_id": "20251226-194818_ba9282e48626",
  "model": "C_only",
  "status": "PASS",
  "fail_reasons": [],
  "warnings": [],
  "Omega0": 25.403535230798493,
  "OmegaT": 25.403535230798493,
  "Omega0_density": 25.403535230798493,
  "OmegaT_density": 25.403535230798493,
  "max_energy_increase": 0.0,
  "energy_increase_count": 0,
  "nan_inf_detected": false,
  "blowup_detected": false,
  "max_abs_C": 0.0016107619636466998,
  "max_abs_I": 0.0,
  "max_L4_C": 0.05280907135337,
  "max_L4_I": 0.0,
  "steps_total": 500000,
  "steps_accepted": 500000,
  "dt_min": 0.0005,
  "dt_max": 0.0005,
  "dt_backtracks_total": 0,
  "runtime_s": 448.89666509628296,
  "config_hash": "ba9282e48626",
  "code_hash": "uet_harness_v0.1"
}