{
  "run_id": "1769078334_UET_Thermo_Bridge",
  "simulation": "UET_Thermo_Bridge",
  "status": "COMPLETED",
  "timestamp": "Thu Jan 22 17:38:54 2026",
  "duration_seconds": 0.15502572059631348,
  "total_steps": 51,
  "metadata": {
    "nx": 100,
    "ny": 1,
    "dt": 1.0,
    "kappa": 1.0,
    "beta": 1.0,
    "alpha": 1.0,
    "C0": 1.0
  },
  "final_state": {
    "step": 5000,
    "time": 5001.0,
    "omega": 19.196359480327505,
    "kinetic": 0.0,
    "potential": 19.196359480327505,
    "entropy": 0.0,
    "gradient_norm": 0.0,
    "max_density": 9.130875280104812,
    "min_density": 4.267155506046579,
    "is_stable": true,
    "gradient_energy": 0.0,
    "entropy_interaction": 0.0,
    "S_total": 528.5929492080986,
    "T_A": 9.130875280104812,
    "T_B": 4.267155506046579,
    "E_A": 432,
    "E_B": 568
  }
}