{
  "title": "demo_backtrack_test",
  "description": "Simulation of C_I model. Final phase: BIAS_C. Energy reduction: 678.6%.",
  "key_params": {
    "model": "C_I",
    "grid": 32,
    "L": 10.0,
    "T": 2.0,
    "dt": 0.01,
    "\u03b2": 0.5,
    "\u03ba_C": 0.5,
    "\u03ba_I": 0.5,
    "aC_": -1.0,
    "\u03b4C_": 1.0,
    "sC_": 0.3,
    "aI_": -1.0,
    "\u03b4I_": 1.0,
    "sI_": 0.3
  },
  "metrics": {
    "\u03a9_0": 32.50074645747643,
    "\u03a9_T": -188.039802553272,
    "\u0394\u03a9": 220.54054901074844,
    "\u0394\u03a9_rel": 6.785707192888659,
    "mean_C_final": 1.2710322590022316,
    "mean_I_final": 1.2708100175312451,
    "bias_CI_final": 0.0002222414709862,
    "phase": "BIAS_C",
    "\u03a9_std_tail": 0.20260603978344002,
    "total_backtracks": 0
  },
  "model": "C_I",
  "generated_at": "2025-12-20T14:11:24.271485"
}