step,time,omega,kinetic,potential,entropy,gradient_norm,max_density,min_density,is_stable,gradient_energy,entropy_interaction,max_avalanche,avalanche_count,mean_size,power_law_exponent
0,1.0,0.5003125,0.0,0.00031250000000000006,0.0,0.0,1.0,0.0,True,0.5000000000000001,0.0,0,0,0.0,0.0
100,101.0,55.03218750000001,0.0,0.03218750000000001,0.0,0.0,2.0,0.0,True,55.000000000000014,0.0,0,0,0.0,0.0
200,201.0,112.94281250000002,0.0,0.06781250000000001,0.0,0.0,2.0,0.0,True,112.87500000000003,0.0,0,0,0.0,0.0
300,301.0,165.60593750000004,0.0,0.10593750000000002,0.0,0.0,2.0,0.0,True,165.50000000000003,0.0,0,0,0.0,0.0
400,401.0,231.90343750000005,0.0,0.15343750000000003,0.0,0.0,3.0,0.0,True,231.75000000000006,0.0,0,0,0.0,0.0
