step,time,omega,kinetic,potential,entropy,gradient_norm,max_density,min_density,is_stable,gradient_energy,entropy_interaction,order_parameter,domain_count
0,0.01,-0.4998395811188734,0.0,-0.49984226716492686,0.0,0.0,0.008639182058350707,-0.007542433257531052,True,2.6860460535102686e-06,0.0,0.002252545939488082,529
10,0.10999999999999999,-0.5469300126687888,0.0,-0.5687469589380894,0.0,0.0,0.9062567922353775,-0.7882700474024822,True,0.02181694626930057,0.0,0.3074693739359501,365
20,0.21000000000000005,-0.67781031415504,0.0,-0.7480727373193363,0.0,0.0,0.9598328144865825,-0.9818700192707588,True,0.07026242316429629,0.0,0.6491346942965954,281
30,0.3100000000000001,-0.7314376241259278,0.0,-0.790843498451578,0.0,0.0,0.996606722270986,-1.01665239661381,True,0.059405874325650164,0.0,0.7132226403881462,242
40,0.4100000000000002,-0.7559602528871645,0.0,-0.8140386823349578,0.0,0.0,1.2820642538083455,-1.2570322257475997,True,0.05807842944779332,0.0,0.7405274657020056,207
