{
  "timestamp": "2026-01-17T20:53:35.589720",
  "data_source": "OpenSky Network (Live Aircraft)",
  "aircraft_count": 200,
  "grid": {
    "nx": 32,
    "ny": 32,
    "nz": 16
  },
  "simulation": {
    "success": true,
    "runtime": 0.10294175148010254,
    "ms_per_step": 1.0294175148010254,
    "cells": 16384,
    "throughput_Mcells": 15.915796811721084,
    "C_range": [
      0.8531537990338989,
      1.1637684742584764
    ],
    "delta_C": 0.062171067679574255,
    "remained_smooth": "True"
  },
  "conclusion": "UET validated with real-time data"
}