{
  "timestamp": "2026-01-20T08:33:28.289242",
  "data_source": "OpenSky Network (Live Aircraft)",
  "aircraft_count": 200,
  "grid": {
    "nx": 32,
    "ny": 32,
    "nz": 16
  },
  "simulation": {
    "success": true,
    "runtime": 0.02530384063720703,
    "ms_per_step": 0.2530384063720703,
    "cells": 16384,
    "throughput_Mcells": 64.74906412392116,
    "C_range": [
      0.8531537990338989,
      1.1637684742584764
    ],
    "delta_C": 0.062171067679574255,
    "remained_smooth": "True"
  },
  "conclusion": "UET validated with real-time data"
}