{
  "timestamp": "2026-01-17T19:48:08.841366",
  "data_source": "OpenSky Network (Live Aircraft)",
  "aircraft_count": 200,
  "grid": {
    "nx": 32,
    "ny": 32,
    "nz": 16
  },
  "simulation": {
    "success": true,
    "runtime": 0.02652907371520996,
    "ms_per_step": 0.2652907371520996,
    "cells": 16384,
    "throughput_Mcells": 61.758658353029986,
    "C_range": [
      0.8531537990338989,
      1.1637684742584764
    ],
    "delta_C": 0.062171067679574255,
    "remained_smooth": "True"
  },
  "conclusion": "UET validated with real-time data"
}