{
  "water": {
    "fluid": "Water (Zero Curve Fitting)",
    "correlation": 0.999361129549759,
    "magnitude_ratio": 0.007828381135998957,
    "kappa": 0.078125,
    "beta": 0.05,
    "u_max_uet": 0.09755782257751665,
    "u_max_target": 12.46206857876339
  },
  "glycerin": {
    "fluid": "Glycerin (Zero Curve Fitting)",
    "correlation": 0.9993710412015717,
    "magnitude_ratio": 9.172651193254698,
    "kappa": 0.078125,
    "beta": 0.05,
    "u_max_uet": 0.07687169707104344,
    "u_max_target": 0.008380532024107998
  },
  "bridge_constant": 1750.0
}