{
  "timestamp": "2026-01-11T20:46:29.929449",
  "regions": [
    "East Asia (Tokyo)",
    "Europe (Paris)",
    "North America (NYC)"
  ],
  "results": [
    {
      "success": true,
      "runtime": 0.006465435028076172,
      "ms_per_step": 0.06465435028076172,
      "cells": 288,
      "throughput_Mcells": 4.454456641345232,
      "C_range": [
        0.8268716438173526,
        1.1
      ],
      "mean_delta_C": 0.06055178801803678,
      "max_delta_C": 0.30000000000000004,
      "remained_smooth": "True",
      "region": "East Asia (Tokyo)"
    },
    {
      "success": true,
      "runtime": 0.006166934967041016,
      "ms_per_step": 0.06166934967041016,
      "cells": 288,
      "throughput_Mcells": 4.670067084203201,
      "C_range": [
        0.827015835345153,
        1.1
      ],
      "mean_delta_C": 0.06073227451705178,
      "max_delta_C": 0.30000000000000004,
      "remained_smooth": "True",
      "region": "Europe (Paris)"
    },
    {
      "success": true,
      "runtime": 0.007259845733642578,
      "ms_per_step": 0.07259845733642578,
      "cells": 288,
      "throughput_Mcells": 3.9670264433497535,
      "C_range": [
        0.8266169427024964,
        1.1
      ],
      "mean_delta_C": 0.060752655156571994,
      "max_delta_C": 0.30000000000000004,
      "remained_smooth": "True",
      "region": "North America (NYC)"
    }
  ],
  "total_cells": 864,
  "total_runtime": 0.019892215728759766,
  "all_smooth": true,
  "conclusion": "UET validated with global weather data"
}