{
  "timestamp": "2026-01-17T18:32:35.709046",
  "data_source": "OpenSky Network (Live Aircraft)",
  "aircraft_count": 200,
  "grid": {
    "nx": 32,
    "ny": 32,
    "nz": 16
  },
  "simulation": {
    "success": true,
    "runtime": 0.046904563903808594,
    "ms_per_step": 0.46904563903808594,
    "cells": 16384,
    "throughput_Mcells": 34.9305027834821,
    "C_range": [
      0.8531537990338989,
      1.1637684742584764
    ],
    "delta_C": 0.062171067679574255,
    "remained_smooth": "True"
  },
  "conclusion": "UET validated with real-time data"
}