{
  "timestamp": "2026-01-17T18:32:29.890382",
  "data_source": "OpenSky Network (Live Aircraft)",
  "aircraft_count": 200,
  "grid": {
    "nx": 32,
    "ny": 32,
    "nz": 16
  },
  "simulation": {
    "success": true,
    "runtime": 0.08652853965759277,
    "ms_per_step": 0.8652853965759277,
    "cells": 16384,
    "throughput_Mcells": 18.93479315013763,
    "C_range": [
      0.8531537990338989,
      1.1637684742584764
    ],
    "delta_C": 0.062171067679574255,
    "remained_smooth": "True"
  },
  "conclusion": "UET validated with real-time data"
}