{
  "case_id": "ATL_C_021_s0",
  "run_id": "20251226-225136_4a3f7a0fa931",
  "model": "C_only",
  "status": "PASS",
  "fail_reasons": [],
  "warnings": [],
  "Omega0": 25.40851211970813,
  "OmegaT": 25.40851211970813,
  "Omega0_density": 25.40851211970813,
  "OmegaT_density": 25.40851211970813,
  "max_energy_increase": 0.0,
  "energy_increase_count": 0,
  "nan_inf_detected": false,
  "blowup_detected": false,
  "max_abs_C": 4.0440973135252414e-112,
  "max_abs_I": 0.0,
  "max_L4_C": 0.052782665777028365,
  "max_L4_I": 0.0,
  "steps_total": 500000,
  "steps_accepted": 500000,
  "dt_min": 0.0005,
  "dt_max": 0.0005,
  "dt_backtracks_total": 0,
  "runtime_s": 505.13072204589844,
  "config_hash": "4a3f7a0fa931",
  "code_hash": "uet_harness_v0.1"
}