step,time,omega,kinetic,potential,entropy,gradient_norm,max_density,min_density,is_stable,gradient_energy,entropy_interaction,order_parameter,domain_count
0,0.01,-0.4990962693120906,0.0,-0.4990985061434472,0.0,0.0,0.008010289155035169,-0.0071799800596880035,True,2.236831356663557e-06,0.0,0.0022036239012777556,513
10,0.10999999999999999,-0.5206977576117597,0.0,-0.5292809917276224,0.0,0.0,0.594166682013884,-0.49540860618363114,True,0.008583234115862766,0.0,0.19394844284446625,347
20,0.21000000000000005,-0.6974104659336198,0.0,-0.7621663670334817,0.0,0.0,0.9713518438495251,-0.9904446091341226,True,0.06475590109986198,0.0,0.6591729304947206,294
30,0.3100000000000001,-0.7404947611922703,0.0,-0.8018068998507322,0.0,0.0,0.9979620873703461,-1.079070515863074,True,0.06131213865846185,0.0,0.7206383091821844,255
40,0.4100000000000002,-0.7309337061576526,0.0,-0.795276345167596,0.0,0.0,1.0903938338168684,-1.2529568768757509,True,0.06434263900994344,0.0,0.7093271296627193,242
