{
  "run_id": "1769065472_Phase_LowT",
  "simulation": "Phase_LowT",
  "status": "COMPLETED",
  "timestamp": "Thu Jan 22 14:04:32 2026",
  "duration_seconds": 0.039876461029052734,
  "total_steps": 2,
  "metadata": {
    "nx": 64,
    "ny": 64,
    "dt": 0.01,
    "kappa": 1.0,
    "beta": 1.0,
    "alpha": 1.0,
    "C0": 0.0
  },
  "final_state": {
    "step": 100,
    "time": 1.0100000000000007,
    "omega": 16953.3412035711,
    "kinetic": 0.0,
    "potential": 4.2344865410377235,
    "entropy": 0.0,
    "gradient_norm": 0.0,
    "max_density": 3.0,
    "min_density": -3.0,
    "is_stable": true,
    "gradient_energy": 16949.10671703006,
    "entropy_interaction": 0.0,
    "order_parameter": 2.8471488756984464,
    "domains": 2720.0
  }
}