{
  "case_id": "ATL_C_022_s2",
  "run_id": "20251226-233414_0b3988fc1322",
  "model": "C_only",
  "status": "PASS",
  "fail_reasons": [],
  "warnings": [],
  "Omega0": 128.33039618094392,
  "OmegaT": 128.33039618094392,
  "Omega0_density": 128.33039618094392,
  "OmegaT_density": 128.33039618094392,
  "max_energy_increase": 0.0,
  "energy_increase_count": 0,
  "nan_inf_detected": false,
  "blowup_detected": false,
  "max_abs_C": 3.004486105672523e-112,
  "max_abs_I": 0.0,
  "max_L4_C": 0.025080323482871373,
  "max_L4_I": 0.0,
  "steps_total": 500000,
  "steps_accepted": 500000,
  "dt_min": 0.0005,
  "dt_max": 0.0005,
  "dt_backtracks_total": 0,
  "runtime_s": 504.69592332839966,
  "config_hash": "0b3988fc1322",
  "code_hash": "uet_harness_v0.1"
}