{
  "n_runs": 500000,
  "omega_mean": 3504.646521611328,
  "omega_std": 124.43126448796751,
  "omega_ci_95": [
    3253.658203125,
    3741.3046875
  ],
  "elapsed_seconds": 1592.2699165344238,
  "runs_per_second": 314.0171115511937
}