Particle,Mass_MeV,Uncertainty_MeV
Electron,0.51099895000,0.00000000015
Muon,105.6583755,0.0000023
Tau,1776.86,0.12
