{
  "case_id": "ATL_C_017_s2",
  "run_id": "20251226-213451_5e56327804e8",
  "model": "C_only",
  "status": "PASS",
  "fail_reasons": [],
  "warnings": [],
  "Omega0": 25.670138599567494,
  "OmegaT": 25.670138599567494,
  "Omega0_density": 25.670138599567494,
  "OmegaT_density": 25.670138599567494,
  "max_energy_increase": 0.0,
  "energy_increase_count": 0,
  "nan_inf_detected": false,
  "blowup_detected": false,
  "max_abs_C": 3.0044946558959903e-112,
  "max_abs_I": 0.0,
  "max_L4_C": 0.05236834575546488,
  "max_L4_I": 0.0,
  "steps_total": 500000,
  "steps_accepted": 500000,
  "dt_min": 0.0005,
  "dt_max": 0.0005,
  "dt_backtracks_total": 0,
  "runtime_s": 505.4832909107208,
  "config_hash": "5e56327804e8",
  "code_hash": "uet_harness_v0.1"
}