{
  "case_id": "ATL_C_009_s0",
  "run_id": "20251226-181844_2af2a1c12262",
  "model": "C_only",
  "status": "PASS",
  "fail_reasons": [],
  "warnings": [],
  "Omega0": 25.403462762378737,
  "OmegaT": 25.403462762378737,
  "Omega0_density": 25.403462762378737,
  "OmegaT_density": 25.403462762378737,
  "max_energy_increase": 0.0,
  "energy_increase_count": 0,
  "nan_inf_detected": false,
  "blowup_detected": false,
  "max_abs_C": 0.0016118326379980937,
  "max_abs_I": 0.0,
  "max_L4_C": 0.05281011203390567,
  "max_L4_I": 0.0,
  "steps_total": 500000,
  "steps_accepted": 500000,
  "dt_min": 0.0005,
  "dt_max": 0.0005,
  "dt_backtracks_total": 0,
  "runtime_s": 469.40235328674316,
  "config_hash": "2af2a1c12262",
  "code_hash": "uet_harness_v0.1"
}