{
  "run_id": "1768439498_Cosmo_Simulation",
  "simulation": "Cosmo_Simulation",
  "status": "COMPLETED",
  "timestamp": "Thu Jan 15 08:11:38 2026",
  "duration_seconds": 0.013848066329956055,
  "total_steps": 87,
  "metadata": {
    "nx": 1,
    "ny": 1,
    "dt": 0.01,
    "kappa": 0.1,
    "beta": 2.870978885078724e-21,
    "alpha": 1.0,
    "C0": 0.0
  },
  "final_state": {
    "step": 86,
    "time": 0.8700000000000006,
    "omega": 0.5095452013620168,
    "kinetic": 0.0,
    "potential": 0.5095452013620168,
    "entropy": 0.0,
    "gradient_norm": 0.0,
    "max_density": 1.0095000756434016,
    "min_density": 1.0095000756434016,
    "is_stable": true,
    "gradient_energy": 0.0,
    "entropy_interaction": 2.9535822262915238e-21,
    "scale_factor_a": 1.0095000756434016,
    "redshift_z": -0.00941067353298286,
    "Hubble_H": 69.80758184139032,
    "Info_Density": 1.0190904027240335
  }
}