{
  "case_id": "ATL_C_002_s2",
  "run_id": "20251226-155232_bb577671bab2",
  "model": "C_only",
  "status": "PASS",
  "fail_reasons": [],
  "warnings": [],
  "Omega0": 128.32028458493974,
  "OmegaT": 128.32028458493974,
  "Omega0_density": 128.32028458493974,
  "OmegaT_density": 128.32028458493974,
  "max_energy_increase": 0.0,
  "energy_increase_count": 0,
  "nan_inf_detected": false,
  "blowup_detected": false,
  "max_abs_C": 0.9999999999999445,
  "max_abs_I": 0.0,
  "max_L4_C": 0.9999999999999445,
  "max_L4_I": 0.0,
  "steps_total": 500000,
  "steps_accepted": 500000,
  "dt_min": 0.0005,
  "dt_max": 0.0005,
  "dt_backtracks_total": 0,
  "runtime_s": 467.1884789466858,
  "config_hash": "bb577671bab2",
  "code_hash": "uet_harness_v0.1"
}