{
  "case_id": "ATL_C_005_s2",
  "run_id": "20251226-170049_566bbac35114",
  "model": "C_only",
  "status": "PASS",
  "fail_reasons": [],
  "warnings": [],
  "Omega0": 25.660174253333693,
  "OmegaT": 25.660174253333693,
  "Omega0_density": 25.660174253333693,
  "OmegaT_density": 25.660174253333693,
  "max_energy_increase": 0.0,
  "energy_increase_count": 0,
  "nan_inf_detected": false,
  "blowup_detected": false,
  "max_abs_C": 0.7071067811864921,
  "max_abs_I": 0.0,
  "max_L4_C": 0.7071067811864921,
  "max_L4_I": 0.0,
  "steps_total": 500000,
  "steps_accepted": 500000,
  "dt_min": 0.0005,
  "dt_max": 0.0005,
  "dt_backtracks_total": 0,
  "runtime_s": 465.34541296958923,
  "config_hash": "566bbac35114",
  "code_hash": "uet_harness_v0.1"
}