{
  "case_id": "SYM_long",
  "run_id": "20251221-055130_9b7fa60accfe",
  "model": "C_only",
  "status": "PASS",
  "fail_reasons": [],
  "warnings": [],
  "Omega0": 526.5475966034942,
  "OmegaT": 5.896328372875755e-14,
  "Omega0_density": 526.5475966034942,
  "OmegaT_density": 5.896328372875755e-14,
  "max_energy_increase": 0.0,
  "energy_increase_count": 0,
  "nan_inf_detected": false,
  "blowup_detected": false,
  "max_abs_C": 0.000828739258047184,
  "max_abs_I": 0.0,
  "max_L4_C": 0.0026215294371088097,
  "max_L4_I": 0.0,
  "steps_total": 10000,
  "steps_accepted": 10000,
  "dt_min": 0.009999999985751629,
  "dt_max": 0.01,
  "dt_backtracks_total": 0,
  "runtime_s": 39.56900644302368,
  "config_hash": "9b7fa60accfe",
  "code_hash": "uet_harness_v0.1"
}