{
  "case_id": "ATL_C_020_s2",
  "run_id": "20251226-224430_5d72734d0ced",
  "model": "C_only",
  "status": "PASS",
  "fail_reasons": [],
  "warnings": [],
  "Omega0": 128.33056220969078,
  "OmegaT": 128.33056220969078,
  "Omega0_density": 128.33056220969078,
  "OmegaT_density": 128.33056220969078,
  "max_energy_increase": 0.0,
  "energy_increase_count": 0,
  "nan_inf_detected": false,
  "blowup_detected": false,
  "max_abs_C": 0.19282993096288803,
  "max_abs_I": 0.0,
  "max_L4_C": 0.19282993096288803,
  "max_L4_I": 0.0,
  "steps_total": 500000,
  "steps_accepted": 500000,
  "dt_min": 0.0005,
  "dt_max": 0.0005,
  "dt_backtracks_total": 0,
  "runtime_s": 420.1468782424927,
  "config_hash": "5d72734d0ced",
  "code_hash": "uet_harness_v0.1"
}