{
  "case_id": "ATL_C_014_s0",
  "run_id": "20251226-201113_1b614c5f6dc3",
  "model": "C_only",
  "status": "PASS",
  "fail_reasons": [],
  "warnings": [],
  "Omega0": 127.01709640663442,
  "OmegaT": 127.01709640663442,
  "Omega0_density": 127.01709640663442,
  "OmegaT_density": 127.01709640663442,
  "max_energy_increase": 0.0,
  "energy_increase_count": 0,
  "nan_inf_detected": false,
  "blowup_detected": false,
  "max_abs_C": 0.0016107881722540608,
  "max_abs_I": 0.0,
  "max_L4_C": 0.026148466603631775,
  "max_L4_I": 0.0,
  "steps_total": 500000,
  "steps_accepted": 500000,
  "dt_min": 0.0005,
  "dt_max": 0.0005,
  "dt_backtracks_total": 0,
  "runtime_s": 452.19264459609985,
  "config_hash": "1b614c5f6dc3",
  "code_hash": "uet_harness_v0.1"
}