{
  "case_id": "ATL_C_018_s1",
  "run_id": "20251226-215154_c499dbcf3cc2",
  "model": "C_only",
  "status": "PASS",
  "fail_reasons": [],
  "warnings": [],
  "Omega0": 128.99088335896107,
  "OmegaT": 128.99088335896107,
  "Omega0_density": 128.99088335896107,
  "OmegaT_density": 128.99088335896107,
  "max_energy_increase": 0.0,
  "energy_increase_count": 0,
  "nan_inf_detected": false,
  "blowup_detected": false,
  "max_abs_C": 1.5608196148926884e-112,
  "max_abs_I": 0.0,
  "max_L4_C": 0.025396480045663996,
  "max_L4_I": 0.0,
  "steps_total": 500000,
  "steps_accepted": 500000,
  "dt_min": 0.0005,
  "dt_max": 0.0005,
  "dt_backtracks_total": 0,
  "runtime_s": 504.78024435043335,
  "config_hash": "c499dbcf3cc2",
  "code_hash": "uet_harness_v0.1"
}