{
  "fetched_at": "2026-01-11T20:40:51.727363",
  "results": {
    "aircraft": {
      "count": 200,
      "avg_speed": 167.6282,
      "avg_altitude": 0.6326109235669061
    },
    "weather": {
      "count": 9,
      "avg_wind_speed": 10.012345679012347,
      "avg_temp_c": 1.8555555555555543
    }
  }
}