step,time,omega,kinetic,potential,entropy,gradient_norm,max_density,min_density,is_stable,gradient_energy,entropy_interaction,max_avalanche,avalanche_count,mean_size,power_law_exponent
0,1.0,0.8753125000000002,0.0,0.00031250000000000006,0.0,0.0,1.0,0.0,True,0.8750000000000002,0.0,0,0,0.0,0.0
100,101.0,61.90968750000001,0.0,0.03468750000000001,0.0,0.0,2.0,0.0,True,61.875000000000014,0.0,0,0,0.0,0.0
200,201.0,121.32281250000003,0.0,0.07281250000000002,0.0,0.0,2.0,0.0,True,121.25000000000003,0.0,0,0,0.0,0.0
300,301.0,185.61718750000003,0.0,0.11718750000000003,0.0,0.0,3.0,0.0,True,185.50000000000003,0.0,0,0,0.0,0.0
400,401.0,241.28468750000005,0.0,0.15968750000000004,0.0,0.0,3.0,0.0,True,241.12500000000006,0.0,1,1,1.0,0.0
