{
  "case_id": "test001",
  "run_id": "20251226-061637_4157a3968475",
  "model": "C_only",
  "status": "PASS",
  "fail_reasons": [],
  "warnings": [],
  "Omega0": 63.50357131440757,
  "OmegaT": -9.513721553918183e-06,
  "Omega0_density": 63.50357131440757,
  "OmegaT_density": -9.513721553918183e-06,
  "max_energy_increase": 0.0,
  "energy_increase_count": 0,
  "nan_inf_detected": false,
  "blowup_detected": false,
  "max_abs_C": 0.004362066672033372,
  "max_abs_I": 0.0,
  "max_L4_C": 0.008265403350329287,
  "max_L4_I": 0.0,
  "steps_total": 100,
  "steps_accepted": 100,
  "dt_min": 0.009999999999999343,
  "dt_max": 0.01,
  "dt_backtracks_total": 0,
  "runtime_s": 0.12771081924438477,
  "config_hash": "4157a3968475",
  "code_hash": "uet_harness_v0.1",
  "fail_code": "PASS"
}