{
    "TotalAgents": 100,
    "FinalOmega": 0.021233476436184232,
    "History": [
        0.0003213454440000004,
        0.000883838626378401,
        0.001863486164123534,
        0.0029867842046739732,
        0.004524995990327511,
        0.007207524985923182,
        0.008703954728473472,
        0.009437166703385817,
        0.01009953297222667,
        0.011702411608507646,
        0.012452921176503954,
        0.015034388364425373,
        0.01676368719061109,
        0.019464722589331813,
        0.02057056543939459,
        0.02089086224705802,
        0.0212603560327823,
        0.02127152366006919,
        0.025579102705080254,
        0.024622180851048343,
        0.023914599050043058,
        0.023897482715045083,
        0.02456502748421372,
        0.02375525020973814,
        0.022175770154349995,
        0.0217382945129795,
        0.023195580954475003,
        0.023643912175711445,
        0.02502016529763654,
        0.024604632324545846,
        0.02226601180350118,
        0.024082142414362285,
        0.022136881246517182,
        0.019735859667130016,
        0.01863163257570545,
        0.019676631386127637,
        0.019617068470691387,
        0.021329815839775765,
        0.021294419596020953,
        0.02078851704332249,
        0.020943832670237996,
        0.02131489861031747,
        0.01912492758920071,
        0.02109987600072745,
        0.020971690925076104,
        0.01970541955665143,
        0.020692281300533372,
        0.021450007166835646,
        0.021448752460223326,
        0.021233476436184232
    ],
    "AgentStats": {
        "A": {
            "avg_resources": 0.9958982674850115,
            "total_success": 58
        },
        "B": {
            "avg_resources": 1.0,
            "total_success": 0
        },
        "C": {
            "avg_resources": 0.6887855412129865,
            "total_success": 16324
        },
        "D": {
            "avg_resources": 1.0158934116083858,
            "total_success": 215
        }
    }
}