{
  "case_id": "verify_gates_2",
  "run_id": "20251226-122433_e27ed22d63cc",
  "model": "C_only",
  "status": "PASS",
  "fail_reasons": [],
  "warnings": [],
  "Omega0": 14.75442895892742,
  "OmegaT": -10.431197808589692,
  "Omega0_density": 0.1475442895892742,
  "OmegaT_density": -0.10431197808589693,
  "max_energy_increase": 0.0,
  "energy_increase_count": 0,
  "nan_inf_detected": false,
  "blowup_detected": false,
  "max_abs_C": 0.31369641521564745,
  "max_abs_I": 0.0,
  "max_L4_C": 0.3080694396208064,
  "max_L4_I": 0.0,
  "steps_total": 100,
  "steps_accepted": 100,
  "dt_min": 0.01,
  "dt_max": 0.01,
  "dt_backtracks_total": 0,
  "runtime_s": 0.057837486267089844,
  "config_hash": "e27ed22d63cc",
  "code_hash": "uet_harness_v0.1",
  "fail_code": "PASS"
}