{
  "case_id": "ATL_C_010_s2",
  "run_id": "20251226-185711_748e65ec7ea7",
  "model": "C_only",
  "status": "PASS",
  "fail_reasons": [],
  "warnings": [],
  "Omega0": 128.32530357049924,
  "OmegaT": 128.32530357049924,
  "Omega0_density": 128.32530357049924,
  "OmegaT_density": 128.32530357049924,
  "max_energy_increase": 0.0,
  "energy_increase_count": 0,
  "nan_inf_detected": false,
  "blowup_detected": false,
  "max_abs_C": 0.0011978240942222124,
  "max_abs_I": 0.0,
  "max_L4_C": 0.025093291813365337,
  "max_L4_I": 0.0,
  "steps_total": 500000,
  "steps_accepted": 500000,
  "dt_min": 0.0005,
  "dt_max": 0.0005,
  "dt_backtracks_total": 0,
  "runtime_s": 445.53763723373413,
  "config_hash": "748e65ec7ea7",
  "code_hash": "uet_harness_v0.1"
}