step,time,omega,kinetic,potential,entropy,gradient_norm,max_density,min_density,is_stable,gradient_energy,entropy_interaction,max_avalanche,avalanche_count,mean_size,power_law_exponent
0,1.0,0.5003125,0.0,0.00031250000000000006,0.0,0.0,1.0,0.0,True,0.5000000000000001,0.0,0,0,0.0,0.0
100,101.0,59.78406250000001,0.0,0.03406250000000001,0.0,0.0,2.0,0.0,True,59.750000000000014,0.0,0,0,0.0,0.0
200,201.0,116.32093750000003,0.0,0.07093750000000001,0.0,0.0,2.0,0.0,True,116.25000000000003,0.0,0,0,0.0,0.0
300,301.0,174.61281250000005,0.0,0.11281250000000002,0.0,0.0,3.0,0.0,True,174.50000000000003,0.0,0,0,0.0,0.0
400,401.0,228.66031250000003,0.0,0.16031250000000002,0.0,0.0,3.0,0.0,True,228.50000000000006,0.0,1,2,1.0,0.0
