{
  "case_id": "demo001",
  "run_id": "",
  "model": "C_I",
  "status": "PASS",
  "fail_reasons": [],
  "warnings": [],
  "Omega0": 32.50074645747643,
  "OmegaT": -188.77285050415978,
  "Omega0_density": 0.3250074645747643,
  "OmegaT_density": -1.8877285050415977,
  "max_energy_increase": 0.0,
  "energy_increase_count": 0,
  "nan_inf_detected": false,
  "blowup_detected": false,
  "max_abs_C": 1.3146112616749162,
  "max_abs_I": 1.3146112617214205,
  "max_L4_C": 1.3146112337397295,
  "max_L4_I": 1.3146112336013218,
  "steps_total": 500,
  "steps_accepted": 500,
  "dt_min": 0.01,
  "dt_max": 0.01,
  "dt_backtracks_total": 0,
  "runtime_s": 0.0,
  "config_hash": "",
  "code_hash": "unknown",
  "V_E": 188.77285050415978,
  "V_dE": 221.2735969616362,
  "V_R": 1.0,
  "C_G": 0.0,
  "C_F": 0.0,
  "C_O": 2.115335412641417e-20,
  "C_M": 0.0,
  "net_value": 221.2735969616362,
  "efficiency": 221.2735969616362
}