{
  "case_id": "toy_coffee",
  "run_id": "",
  "model": "C_I",
  "status": "PASS",
  "fail_reasons": [],
  "warnings": [],
  "Omega0": 6.045547815104721,
  "OmegaT": -4.842183634125467,
  "Omega0_density": 0.06045547815104721,
  "OmegaT_density": -0.04842183634125467,
  "max_energy_increase": 0.0,
  "energy_increase_count": 0,
  "nan_inf_detected": false,
  "blowup_detected": false,
  "max_abs_C": 0.4108378856614008,
  "max_abs_I": 0.42063310297717377,
  "max_L4_C": 0.2347627178407823,
  "max_L4_I": 0.24636758971858935,
  "steps_total": 200,
  "steps_accepted": 200,
  "steps_rejected": 0,
  "acceptance_ratio": 1.0,
  "dt_min": 0.009999999999998455,
  "dt_max": 0.01,
  "dt_backtracks_total": 0,
  "avg_backtracks_per_step": 0.0,
  "runtime_s": 0.0,
  "config_hash": "",
  "code_hash": "unknown"
}