{
  "case_id": "ATL_CI_001_s1",
  "run_id": "20251227-004017_8118fad92230",
  "model": "C_I",
  "status": "PASS",
  "fail_reasons": [],
  "warnings": [],
  "Omega0": 287.2158561235837,
  "OmegaT": 287.2158561235837,
  "Omega0_density": 287.2158561235837,
  "OmegaT_density": 287.2158561235837,
  "max_energy_increase": 0.0,
  "energy_increase_count": 0,
  "nan_inf_detected": false,
  "blowup_detected": false,
  "max_abs_C": 1.1281738983616654,
  "max_abs_I": 1.1281738983616654,
  "max_L4_C": 1.1281738983616654,
  "max_L4_I": 1.1281738983616654,
  "steps_total": 500000,
  "steps_accepted": 500000,
  "dt_min": 0.0002,
  "dt_max": 0.0002,
  "dt_backtracks_total": 0,
  "runtime_s": 883.7082424163818,
  "config_hash": "8118fad92230",
  "code_hash": "uet_harness_v0.1"
}