{
  "case_id": "ATL_C_001_s1",
  "run_id": "20251226-152215_8ea347a88aa2",
  "model": "C_only",
  "status": "PASS",
  "fail_reasons": [],
  "warnings": [],
  "Omega0": 25.792203447087243,
  "OmegaT": 25.792203447087243,
  "Omega0_density": 25.792203447087243,
  "OmegaT_density": 25.792203447087243,
  "max_energy_increase": 0.0,
  "energy_increase_count": 0,
  "nan_inf_detected": false,
  "blowup_detected": false,
  "max_abs_C": 0.9999999999999445,
  "max_abs_I": 0.0,
  "max_L4_C": 0.9999999999999445,
  "max_L4_I": 0.0,
  "steps_total": 500000,
  "steps_accepted": 500000,
  "dt_min": 0.0005,
  "dt_max": 0.0005,
  "dt_backtracks_total": 0,
  "runtime_s": 452.3752179145813,
  "config_hash": "8ea347a88aa2",
  "code_hash": "uet_harness_v0.1"
}