{
  "case_id": "ATL_C_007_s1",
  "run_id": "20251226-174105_cab15ce3e3f4",
  "model": "C_only",
  "status": "PASS",
  "fail_reasons": [],
  "warnings": [],
  "Omega0": 25.792405587307773,
  "OmegaT": 25.792405587307773,
  "Omega0_density": 25.792405587307773,
  "OmegaT_density": 25.792405587307773,
  "max_energy_increase": 0.0,
  "energy_increase_count": 0,
  "nan_inf_detected": false,
  "blowup_detected": false,
  "max_abs_C": 0.7914254764290408,
  "max_abs_I": 0.0,
  "max_L4_C": 0.7914254764290408,
  "max_L4_I": 0.0,
  "steps_total": 500000,
  "steps_accepted": 500000,
  "dt_min": 0.0005,
  "dt_max": 0.0005,
  "dt_backtracks_total": 0,
  "runtime_s": 446.32490158081055,
  "config_hash": "cab15ce3e3f4",
  "code_hash": "uet_harness_v0.1"
}