{
  "case_id": "ATL_C_001_s0",
  "run_id": "20251226-151457_80d2e297b283",
  "model": "C_only",
  "status": "PASS",
  "fail_reasons": [],
  "warnings": [],
  "Omega0": 25.3984858734691,
  "OmegaT": 25.3984858734691,
  "Omega0_density": 25.3984858734691,
  "OmegaT_density": 25.3984858734691,
  "max_energy_increase": 0.0,
  "energy_increase_count": 0,
  "nan_inf_detected": false,
  "blowup_detected": false,
  "max_abs_C": 0.9999999999999445,
  "max_abs_I": 0.0,
  "max_L4_C": 0.9999999999999445,
  "max_L4_I": 0.0,
  "steps_total": 500000,
  "steps_accepted": 500000,
  "dt_min": 0.0005,
  "dt_max": 0.0005,
  "dt_backtracks_total": 0,
  "runtime_s": 432.25661182403564,
  "config_hash": "80d2e297b283",
  "code_hash": "uet_harness_v0.1"
}