{
  "source": "CODATA 2018 + PRad 2019",
  "data": {
    "codata_2018_fm": {
      "value": 0.8414,
      "error": 0.0019
    },
    "prad_2019_fm": {
      "value": 0.831,
      "error": 0.007,
      "stat": 0.012,
      "sys": 0.007
    },
    "muonic_2010_fm": {
      "value": 0.84184,
      "error": 0.00067
    }
  }
}