{
    "Topic": "0.9_Quantum_Nonlocality",
    "Category": "01_Engine",
    "Component": "Quantum_LC_Unity",
    "Parameters": {
        "L": 1e-09,
        "C": 1e-12,
        "Omega": 31622776601.683792
    },
    "ZeroPoint": {
        "Phi_ZP": 3.976353643835253,
        "Q_ZP": 0.12574334296829354
    },
    "Energy_Levels": [
        15811388300.841896,
        47434164902.52569,
        79056941504.20947,
        110679718105.89328,
        142302494707.57706,
        173925271309.26086,
        205548047910.94464,
        237170824512.62845,
        268793601114.31223,
        300416377715.99603
    ]
}