{
  "case_id": "ATL_C_014_s2",
  "run_id": "20251226-202624_cd73e61e2f93",
  "model": "C_only",
  "status": "PASS",
  "fail_reasons": [],
  "warnings": [],
  "Omega0": 128.32537719538442,
  "OmegaT": 128.32537719538442,
  "Omega0_density": 128.32537719538442,
  "OmegaT_density": 128.32537719538442,
  "max_energy_increase": 0.0,
  "energy_increase_count": 0,
  "nan_inf_detected": false,
  "blowup_detected": false,
  "max_abs_C": 0.0011973805211645428,
  "max_abs_I": 0.0,
  "max_L4_C": 0.02509287033951126,
  "max_L4_I": 0.0,
  "steps_total": 500000,
  "steps_accepted": 500000,
  "dt_min": 0.0005,
  "dt_max": 0.0005,
  "dt_backtracks_total": 0,
  "runtime_s": 448.541796207428,
  "config_hash": "cd73e61e2f93",
  "code_hash": "uet_harness_v0.1"
}