{
  "case_id": "ATL_C_016_s1",
  "run_id": "20251226-210303_f9ace4daa8aa",
  "model": "C_only",
  "status": "PASS",
  "fail_reasons": [],
  "warnings": [],
  "Omega0": 128.9860560482722,
  "OmegaT": 128.9860560482722,
  "Omega0_density": 128.9860560482722,
  "OmegaT_density": 128.9860560482722,
  "max_energy_increase": 0.0,
  "energy_increase_count": 0,
  "nan_inf_detected": false,
  "blowup_detected": false,
  "max_abs_C": 0.464158883361235,
  "max_abs_I": 0.0,
  "max_L4_C": 0.46415888336123506,
  "max_L4_I": 0.0,
  "steps_total": 500000,
  "steps_accepted": 500000,
  "dt_min": 0.0005,
  "dt_max": 0.0005,
  "dt_backtracks_total": 0,
  "runtime_s": 427.65676736831665,
  "config_hash": "f9ace4daa8aa",
  "code_hash": "uet_harness_v0.1"
}