{
  "title": "gif_test",
  "description": "Simulation of C_I model. Final phase: BIAS_C. Energy reduction: 680.8%.",
  "key_params": {
    "model": "C_I",
    "grid": 32,
    "L": 10.0,
    "T": 5.0,
    "dt": 0.01,
    "\u03b2": 0.5,
    "\u03ba_C": 0.5,
    "\u03ba_I": 0.5,
    "aC_": -1.0,
    "\u03b4C_": 1.0,
    "sC_": 0.3,
    "aI_": -1.0,
    "\u03b4I_": 1.0,
    "sI_": 0.3
  },
  "metrics": {
    "\u03a9_0": 32.50074645747643,
    "\u03a9_T": -188.7728505041498,
    "\u0394\u03a9": 221.27359696162623,
    "\u0394\u03a9_rel": 6.808261996417154,
    "mean_C_final": 1.314611233739729,
    "mean_I_final": 1.3146112336013216,
    "bias_CI_final": 1.3840772972173454e-10,
    "phase": "BIAS_C",
    "\u03a9_std_tail": 4.2543122890529524e-11,
    "total_backtracks": 0
  },
  "model": "C_I",
  "generated_at": "2025-12-20T16:35:26.704706"
}