{
  "case_id": "ATL_C_010_s0",
  "run_id": "20251226-184202_012b71881e9f",
  "model": "C_only",
  "status": "PASS",
  "fail_reasons": [],
  "warnings": [],
  "Omega0": 127.01702393821468,
  "OmegaT": 127.01702393821468,
  "Omega0_density": 127.01702393821468,
  "OmegaT_density": 127.01702393821468,
  "max_energy_increase": 0.0,
  "energy_increase_count": 0,
  "nan_inf_detected": false,
  "blowup_detected": false,
  "max_abs_C": 0.0016118457687626809,
  "max_abs_I": 0.0,
  "max_L4_C": 0.026148879495094784,
  "max_L4_I": 0.0,
  "steps_total": 500000,
  "steps_accepted": 500000,
  "dt_min": 0.0005,
  "dt_max": 0.0005,
  "dt_backtracks_total": 0,
  "runtime_s": 447.26462411880493,
  "config_hash": "012b71881e9f",
  "code_hash": "uet_harness_v0.1"
}