step,time,omega,kinetic,potential,entropy,gradient_norm,max_density,min_density,is_stable,gradient_energy,entropy_interaction,order_parameter,domain_count
0,0.01,-0.5003700272383552,0.0,-0.5003724893964165,0.0,0.0,0.006317374775825065,-0.007898625643366361,True,2.462158061313363e-06,0.0,0.002015371838505874,626
10,0.10999999999999999,-0.5321998749319621,0.0,-0.5489572794343547,0.0,0.0,0.7175618438645337,-0.6960182282075671,True,0.016757404502392458,0.0,0.2616154194908845,371
20,0.21000000000000005,-0.6578495677335863,0.0,-0.7330608092868449,0.0,0.0,0.9703149276331453,-0.9486202404024975,True,0.07521124155325862,0.0,0.6245816217050016,314
30,0.3100000000000001,-0.6933689114960716,0.0,-0.7605875011051156,0.0,0.0,1.0147821242658919,-0.9413597982977426,True,0.06721858960904406,0.0,0.6633155412074593,270
40,0.4100000000000002,-0.7482514263959585,0.0,-0.8042544267303475,0.0,0.0,1.2016949422181444,-1.0366128858748376,True,0.05600300033438901,0.0,0.7234155334944163,215
