{
  "case_id": "ATL_C_013_s2",
  "run_id": "20251226-200335_84f3695f2f39",
  "model": "C_only",
  "status": "PASS",
  "fail_reasons": [],
  "warnings": [],
  "Omega0": 25.66519323889319,
  "OmegaT": 25.66519323889319,
  "Omega0_density": 25.66519323889319,
  "OmegaT_density": 25.66519323889319,
  "max_energy_increase": 0.0,
  "energy_increase_count": 0,
  "nan_inf_detected": false,
  "blowup_detected": false,
  "max_abs_C": 0.001197356155574719,
  "max_abs_I": 0.0,
  "max_L4_C": 0.052393490300100085,
  "max_L4_I": 0.0,
  "steps_total": 500000,
  "steps_accepted": 500000,
  "dt_min": 0.0005,
  "dt_max": 0.0005,
  "dt_backtracks_total": 0,
  "runtime_s": 450.9964919090271,
  "config_hash": "84f3695f2f39",
  "code_hash": "uet_harness_v0.1"
}