{
  "case_id": "ATL_C_019_s2",
  "run_id": "20251226-222311_ad2c31a6ebc0",
  "model": "C_only",
  "status": "PASS",
  "fail_reasons": [],
  "warnings": [],
  "Omega0": 25.67037825319956,
  "OmegaT": 25.67037825319956,
  "Omega0_density": 25.67037825319956,
  "OmegaT_density": 25.67037825319956,
  "max_energy_increase": 0.0,
  "energy_increase_count": 0,
  "nan_inf_detected": false,
  "blowup_detected": false,
  "max_abs_C": 0.19282993096288803,
  "max_abs_I": 0.0,
  "max_L4_C": 0.19282993096288803,
  "max_L4_I": 0.0,
  "steps_total": 500000,
  "steps_accepted": 500000,
  "dt_min": 0.0005,
  "dt_max": 0.0005,
  "dt_backtracks_total": 0,
  "runtime_s": 419.8455295562744,
  "config_hash": "ad2c31a6ebc0",
  "code_hash": "uet_harness_v0.1"
}