step,time,omega,kinetic,potential,entropy,gradient_norm,max_density,min_density,is_stable,gradient_energy,entropy_interaction,order_parameter,domain_count
0,0.01,-0.5004372156142617,0.0,-0.5004395905270758,0.0,0.0,0.005293128650259661,-0.009317020460572159,True,2.3749128141830316e-06,0.0,0.0020057459413972047,629
10,0.10999999999999999,-0.5295799688286462,0.0,-0.5432518614680331,0.0,0.0,0.6813849757515548,-0.7454262976860879,True,0.013671892639386833,0.0,0.23359299997928007,356
20,0.21000000000000005,-0.6869598595833181,0.0,-0.7535170248447192,0.0,0.0,0.9656056432058087,-0.9838966342532252,True,0.06655716526140117,0.0,0.6539363215622751,304
30,0.3100000000000001,-0.7537663916043726,0.0,-0.8140445976807267,0.0,0.0,1.0340711362837889,-1.0535416777077926,True,0.06027820607635393,0.0,0.7377070539749617,251
40,0.4100000000000002,-0.7405273854520575,0.0,-0.8037459589150991,0.0,0.0,1.2343760621285367,-1.2169053890717545,True,0.06321857346304169,0.0,0.7178599944990949,252
