{
  "title": "BIAS_C",
  "description": "Simulation of C_I model. Final phase: BIAS_C. Energy reduction: 848.1%.",
  "key_params": {
    "model": "C_I",
    "grid": 32,
    "L": 10.0,
    "T": 5.0,
    "dt": 0.01,
    "\u03b2": 0.5,
    "\u03ba_C": 0.5,
    "\u03ba_I": 0.5,
    "aC_": -1.0,
    "\u03b4C_": 1.0,
    "sC_": 0.5,
    "aI_": -1.0,
    "\u03b4I_": 1.0,
    "sI_": 0.5
  },
  "metrics": {
    "\u03a9_0": 32.40332819994692,
    "\u03a9_T": -242.4038105676651,
    "\u0394\u03a9": 274.807138767612,
    "\u0394\u03a9_rel": 8.480830644059031,
    "mean_C_final": 1.3660253646349243,
    "mean_I_final": 1.3660253646291052,
    "bias_CI_final": 5.819345005875221e-12,
    "phase": "BIAS_C",
    "\u03a9_std_tail": 2.502079164182051e-13,
    "total_backtracks": 0
  },
  "model": "C_I",
  "generated_at": "2025-12-20T16:58:15.383630"
}