{
  "case_id": "ATL_C_010_s1",
  "run_id": "20251226-184936_b77a2e0ee09a",
  "model": "C_only",
  "status": "PASS",
  "fail_reasons": [],
  "warnings": [],
  "Omega0": 128.98585390805167,
  "OmegaT": 128.98585390805167,
  "Omega0_density": 128.98585390805167,
  "OmegaT_density": 128.98585390805167,
  "max_energy_increase": 0.0,
  "energy_increase_count": 0,
  "nan_inf_detected": false,
  "blowup_detected": false,
  "max_abs_C": 0.0006224201547591522,
  "max_abs_I": 0.0,
  "max_L4_C": 0.025409184860869617,
  "max_L4_I": 0.0,
  "steps_total": 500000,
  "steps_accepted": 500000,
  "dt_min": 0.0005,
  "dt_max": 0.0005,
  "dt_backtracks_total": 0,
  "runtime_s": 447.9601182937622,
  "config_hash": "b77a2e0ee09a",
  "code_hash": "uet_harness_v0.1"
}