{
  "title": "SYM",
  "description": "Simulation of C_I model. Final phase: BIAS_C. Energy reduction: 327.7%.",
  "key_params": {
    "model": "C_I",
    "grid": 32,
    "L": 10.0,
    "T": 5.0,
    "dt": 0.01,
    "\u03b2": 0.5,
    "\u03ba_C": 0.5,
    "\u03ba_I": 0.5,
    "aC_": -1.0,
    "\u03b4C_": 1.0,
    "sC_": 0.0,
    "aI_": -1.0,
    "\u03b4I_": 1.0,
    "sI_": 0.0
  },
  "metrics": {
    "\u03a9_0": 32.6468738437707,
    "\u03a9_T": -74.33379465728652,
    "\u0394\u03a9": 106.98066850105721,
    "\u0394\u03a9_rel": 3.2769039085642815,
    "mean_C_final": 0.7721493002245579,
    "mean_I_final": 0.7624111603044543,
    "bias_CI_final": 0.0097381399201035,
    "phase": "BIAS_C",
    "\u03a9_std_tail": 0.4157796613893587,
    "total_backtracks": 0
  },
  "model": "C_I",
  "generated_at": "2025-12-20T16:57:57.628028"
}