{
  "case_id": "ATL_C_021_s1",
  "run_id": "20251226-230009_0c315c0467a2",
  "model": "C_only",
  "status": "PASS",
  "fail_reasons": [],
  "warnings": [],
  "Omega0": 25.80233999438896,
  "OmegaT": 25.80233999438896,
  "Omega0_density": 25.80233999438896,
  "OmegaT_density": 25.80233999438896,
  "max_energy_increase": 0.0,
  "energy_increase_count": 0,
  "nan_inf_detected": false,
  "blowup_detected": false,
  "max_abs_C": 1.5608172709665217e-112,
  "max_abs_I": 0.0,
  "max_L4_C": 0.05367071204466325,
  "max_L4_I": 0.0,
  "steps_total": 500000,
  "steps_accepted": 500000,
  "dt_min": 0.0005,
  "dt_max": 0.0005,
  "dt_backtracks_total": 0,
  "runtime_s": 504.6235635280609,
  "config_hash": "0c315c0467a2",
  "code_hash": "uet_harness_v0.1"
}