step,time,omega,kinetic,potential,entropy,gradient_norm,max_density,min_density,is_stable,gradient_energy,entropy_interaction,order_parameter,domain_count
0,0.01,-0.49989998559707716,0.0,-0.49990208957493637,0.0,0.0,0.005622138140980327,-0.007085121040778474,True,2.103977859207464e-06,0.0,0.0016299347882052914,714
10,0.10999999999999999,-0.5233192240429096,0.0,-0.5313326212628962,0.0,0.0,0.5634402141503864,-0.5713690917153449,True,0.008013397219986475,0.0,0.20151480336945776,326
20,0.21000000000000005,-0.7351130855769838,0.0,-0.79526361208347,0.0,0.0,1.0078970778297467,-1.019345939836427,True,0.06015052650648613,0.0,0.7123403707443415,254
30,0.3100000000000001,-0.7502978563798401,0.0,-0.8121102360431712,0.0,0.0,1.29961047855358,-1.246203907807483,True,0.06181237966333096,0.0,0.7323980356741463,252
40,0.4100000000000002,-0.7309049900252085,0.0,-0.793797878227505,0.0,0.0,1.2039338034238123,-1.226288527669909,True,0.06289288820229666,0.0,0.7071688440950314,253
