{
  "case_id": "ATL_C_017_s1",
  "run_id": "20251226-212612_213fa966c094",
  "model": "C_only",
  "status": "PASS",
  "fail_reasons": [],
  "warnings": [],
  "Omega0": 25.802262348906062,
  "OmegaT": 25.802262348906062,
  "Omega0_density": 25.802262348906062,
  "OmegaT_density": 25.802262348906062,
  "max_energy_increase": 0.0,
  "energy_increase_count": 0,
  "nan_inf_detected": false,
  "blowup_detected": false,
  "max_abs_C": 1.5608100910691622e-112,
  "max_abs_I": 0.0,
  "max_L4_C": 0.05367186677614198,
  "max_L4_I": 0.0,
  "steps_total": 500000,
  "steps_accepted": 500000,
  "dt_min": 0.0005,
  "dt_max": 0.0005,
  "dt_backtracks_total": 0,
  "runtime_s": 512.1572091579437,
  "config_hash": "213fa966c094",
  "code_hash": "uet_harness_v0.1"
}