{
  "case_id": "ATL_C_023_s2",
  "run_id": "20251226-235700_c9ab3e6d46a4",
  "model": "C_only",
  "status": "PASS",
  "fail_reasons": [],
  "warnings": [],
  "Omega0": 25.67045187808475,
  "OmegaT": 25.67045187808475,
  "Omega0_density": 25.67045187808475,
  "OmegaT_density": 25.67045187808475,
  "max_energy_increase": 0.0,
  "energy_increase_count": 0,
  "nan_inf_detected": false,
  "blowup_detected": false,
  "max_abs_C": 0.18693518779532972,
  "max_abs_I": 0.0,
  "max_L4_C": 0.18693518779532972,
  "max_L4_I": 0.0,
  "steps_total": 500000,
  "steps_accepted": 500000,
  "dt_min": 0.0005,
  "dt_max": 0.0005,
  "dt_backtracks_total": 0,
  "runtime_s": 420.7316496372223,
  "config_hash": "c9ab3e6d46a4",
  "code_hash": "uet_harness_v0.1"
}