{
  "case_id": "ATL_C_012_s0",
  "run_id": "20251226-192631_053de1b71adb",
  "model": "C_only",
  "status": "PASS",
  "fail_reasons": [],
  "warnings": [],
  "Omega0": 127.0173465193049,
  "OmegaT": 127.0173465193049,
  "Omega0_density": 127.0173465193049,
  "OmegaT_density": 127.0173465193049,
  "max_energy_increase": 0.0,
  "energy_increase_count": 0,
  "nan_inf_detected": false,
  "blowup_detected": false,
  "max_abs_C": 0.5848035476424651,
  "max_abs_I": 0.0,
  "max_L4_C": 0.5848035476424651,
  "max_L4_I": 0.0,
  "steps_total": 500000,
  "steps_accepted": 500000,
  "dt_min": 0.0005,
  "dt_max": 0.0005,
  "dt_backtracks_total": 0,
  "runtime_s": 428.69044637680054,
  "config_hash": "053de1b71adb",
  "code_hash": "uet_harness_v0.1"
}