{
  "run_id": "1768439776_Super_Conductivity_Sim",
  "simulation": "Super_Conductivity_Sim",
  "status": "COMPLETED",
  "timestamp": "Thu Jan 15 08:16:16 2026",
  "duration_seconds": 0.017563581466674805,
  "total_steps": 200,
  "metadata": {
    "nx": 1,
    "ny": 1,
    "dt": 0.1,
    "kappa": 0.1,
    "beta": 2.870978885078724e-21,
    "alpha": 1.0,
    "C0": 0.0
  },
  "final_state": {
    "step": 0,
    "time": 20.000000000000014,
    "omega": 0.002805702913399137,
    "kinetic": 0.0,
    "potential": 0.002805702913399137,
    "entropy": 0.0,
    "gradient_norm": 0.0,
    "max_density": 0.07490931735637613,
    "min_density": 0.07490931735637613,
    "is_stable": true,
    "gradient_energy": 0.0,
    "entropy_interaction": -1.0753153421290867e-23,
    "psi_order_param": 0.07490931735637613,
    "temperature": 7.177911296234946,
    "target_tc": 6.836105996414234
  }
}