{
  "case_id": "ATL_C_008_s0",
  "run_id": "20251226-175601_ea32c588f0f9",
  "model": "C_only",
  "status": "PASS",
  "fail_reasons": [],
  "warnings": [],
  "Omega0": 127.01244209881501,
  "OmegaT": 127.01244209881501,
  "Omega0_density": 127.01244209881501,
  "OmegaT_density": 127.01244209881501,
  "max_energy_increase": 0.0,
  "energy_increase_count": 0,
  "nan_inf_detected": false,
  "blowup_detected": false,
  "max_abs_C": 0.7914254764290408,
  "max_abs_I": 0.0,
  "max_L4_C": 0.7914254764290408,
  "max_L4_I": 0.0,
  "steps_total": 500000,
  "steps_accepted": 500000,
  "dt_min": 0.0005,
  "dt_max": 0.0005,
  "dt_backtracks_total": 0,
  "runtime_s": 445.7824637889862,
  "config_hash": "ea32c588f0f9",
  "code_hash": "uet_harness_v0.1"
}