{
  "title": "archetype_symmetric",
  "description": "Simulation of C_I model. Final phase: BIAS_C. Energy reduction: 174.8%.",
  "key_params": {
    "model": "C_I",
    "grid": 48,
    "L": 10.0,
    "T": 10.0,
    "dt": 0.01,
    "\u03b2": 0.5,
    "\u03ba_C": 0.5,
    "\u03ba_I": 0.5,
    "aC_": -1.0,
    "\u03b4C_": 1.0,
    "sC_": 0.0,
    "aI_": -1.0,
    "\u03b4I_": 1.0,
    "sI_": 0.0
  },
  "metrics": {
    "\u03a9_0": 81.90228824820804,
    "\u03a9_T": -61.28269856399058,
    "\u0394\u03a9": 143.18498681219862,
    "\u0394\u03a9_rel": 1.7482415922040053,
    "mean_C_final": 0.3462950753920666,
    "mean_I_final": 0.3462892429619713,
    "bias_CI_final": 5.832430095331631e-06,
    "phase": "BIAS_C",
    "\u03a9_std_tail": 0.01605724218848488,
    "total_backtracks": 0
  },
  "model": "C_I",
  "generated_at": "2025-12-20T16:45:09.853083"
}