{
  "run_id": "1769170332_UET_Cluster_Stability",
  "simulation": "UET_Cluster_Stability",
  "status": "COMPLETED",
  "timestamp": "Fri Jan 23 19:12:12 2026",
  "duration_seconds": 0.0034537315368652344,
  "total_steps": 1,
  "metadata": {
    "nx": 40,
    "ny": 40,
    "dt": 0.001,
    "kappa": 0.1,
    "beta": 0.0005,
    "alpha": 0.0,
    "C0": 0.0
  },
  "final_state": {
    "step": 0,
    "time": 0.001,
    "omega": 3.966187887181921,
    "kinetic": 0.0,
    "potential": 0.0,
    "entropy": 0.0,
    "gradient_norm": 0.0,
    "max_density": 5.708137624650906,
    "min_density": 0.017365904622862176,
    "is_stable": true,
    "gradient_energy": 3.966187887181921,
    "entropy_interaction": 0.0,
    "M_baryon": 499.8865818731966,
    "M_halo": 0.0,
    "M_total": 499.8865818731966,
    "Halo_Ratio": 0.0,
    "V_virial": 0.0
  }
}