{
  "run_id": "1769064639_UET_Thermo_Bridge",
  "simulation": "UET_Thermo_Bridge",
  "status": "COMPLETED",
  "timestamp": "Thu Jan 22 13:50:39 2026",
  "duration_seconds": 0.1611623764038086,
  "total_steps": 51,
  "metadata": {
    "nx": 100,
    "ny": 1,
    "dt": 1.0,
    "kappa": 1.0,
    "beta": 1.0,
    "alpha": 1.0,
    "C0": 1.0
  },
  "final_state": {
    "step": 5000,
    "time": 5001.0,
    "omega": 17.504592397091976,
    "kinetic": 0.0,
    "potential": 17.504592397091976,
    "entropy": 0.0,
    "gradient_norm": 0.0,
    "max_density": 8.630346309497352,
    "min_density": 4.434557436629649,
    "is_stable": true,
    "gradient_energy": 0.0,
    "entropy_interaction": 0.0,
    "S_total": 531.523781397314,
    "T_A": 8.630346309497352,
    "T_B": 4.434557436629649,
    "E_A": 407,
    "E_B": 593
  }
}