{
  "case_id": "ATL_C_011_s2",
  "run_id": "20251226-191915_604f66f09ca4",
  "model": "C_only",
  "status": "PASS",
  "fail_reasons": [],
  "warnings": [],
  "Omega0": 25.665359267640063,
  "OmegaT": 25.665359267640063,
  "Omega0_density": 25.665359267640063,
  "OmegaT_density": 25.665359267640063,
  "max_energy_increase": 0.0,
  "energy_increase_count": 0,
  "nan_inf_detected": false,
  "blowup_detected": false,
  "max_abs_C": 0.5848035476424651,
  "max_abs_I": 0.0,
  "max_L4_C": 0.5848035476424651,
  "max_L4_I": 0.0,
  "steps_total": 500000,
  "steps_accepted": 500000,
  "dt_min": 0.0005,
  "dt_max": 0.0005,
  "dt_backtracks_total": 0,
  "runtime_s": 430.0607228279114,
  "config_hash": "604f66f09ca4",
  "code_hash": "uet_harness_v0.1"
}