{
  "case_id": "ATL_C_023_s1",
  "run_id": "20251226-234953_cd0c869cf03e",
  "model": "C_only",
  "status": "PASS",
  "fail_reasons": [],
  "warnings": [],
  "Omega0": 25.802464489126592,
  "OmegaT": 25.802464489126592,
  "Omega0_density": 25.802464489126592,
  "OmegaT_density": 25.802464489126592,
  "max_energy_increase": 0.0,
  "energy_increase_count": 0,
  "nan_inf_detected": false,
  "blowup_detected": false,
  "max_abs_C": 0.18693518779532972,
  "max_abs_I": 0.0,
  "max_L4_C": 0.18693518779532972,
  "max_L4_I": 0.0,
  "steps_total": 500000,
  "steps_accepted": 500000,
  "dt_min": 0.0005,
  "dt_max": 0.0005,
  "dt_backtracks_total": 0,
  "runtime_s": 420.9057967662811,
  "config_hash": "cd0c869cf03e",
  "code_hash": "uet_harness_v0.1"
}