step,time,omega,kinetic,potential,entropy,gradient_norm,max_density,min_density,is_stable,gradient_energy,entropy_interaction,order_parameter,domain_count
0,0.01,-0.5000562639325673,0.0,-0.5000586547199778,0.0,0.0,0.006471335240864262,-0.006222308204581367,True,2.3907874104403605e-06,0.0,0.0017806657789634995,736
10,0.10999999999999999,-0.5351714533128977,0.0,-0.5520157322447414,0.0,0.0,0.7092131057597546,-0.7025878848946117,True,0.016844278931843856,0.0,0.26814543367801413,339
20,0.21000000000000005,-0.6631101712983563,0.0,-0.737898735631263,0.0,0.0,0.9990635757441504,-0.9484251694505674,True,0.07478856433290659,0.0,0.6324481194647675,298
30,0.3100000000000001,-0.687945544482538,0.0,-0.756280360918646,0.0,0.0,1.0411102760124964,-0.9403179426690743,True,0.06833481643610798,0.0,0.6616217606186856,261
40,0.4100000000000002,-0.7247354509249141,0.0,-0.7831253344903337,0.0,0.0,1.207018380280964,-1.0272668656058062,True,0.058389883565419645,0.0,0.7023053274954594,227
