{
  "case_id": "archetype_strong_coupling",
  "run_id": "",
  "model": "C_I",
  "status": "PASS",
  "fail_reasons": [],
  "warnings": [],
  "Omega0": 81.66672570458392,
  "OmegaT": -265.4506087029699,
  "Omega0_density": 0.8166672570458392,
  "OmegaT_density": -2.6545060870296986,
  "max_energy_increase": 1.1368683772161603e-13,
  "energy_increase_count": 0,
  "nan_inf_detected": false,
  "blowup_detected": false,
  "max_abs_C": 1.4514443386026104,
  "max_abs_I": 1.4514443386026132,
  "max_L4_C": 1.4514443386026088,
  "max_L4_I": 1.4514443386026117,
  "steps_total": 1000,
  "steps_accepted": 1000,
  "steps_rejected": 0,
  "acceptance_ratio": 1.0,
  "dt_min": 0.01,
  "dt_max": 0.01,
  "dt_backtracks_total": 0,
  "avg_backtracks_per_step": 0.0,
  "runtime_s": 0.0,
  "config_hash": "",
  "code_hash": "unknown"
}