{
  "run_id": "UET_Fluid_2D",
  "simulation": "UET_Fluid_2D",
  "status": "COMPLETED",
  "timestamp": "Fri Jan 23 18:53:39 2026",
  "duration_seconds": 0.021524667739868164,
  "total_steps": 2,
  "metadata": {
    "nx": 64,
    "ny": 64,
    "dt": 0.001,
    "kappa": 1.0038068523342016e-06,
    "beta": 1.0,
    "alpha": 1.0,
    "C0": 0.0
  },
  "final_state": {
    "step": 0,
    "time": 0.001,
    "omega": 0.03249389294912875,
    "kinetic": 0.0,
    "potential": 0.03239799804687501,
    "entropy": 0.0,
    "gradient_norm": 0.0,
    "max_density": 1.1,
    "min_density": 0.01,
    "is_stable": true,
    "gradient_energy": 0.00016059705069124423,
    "entropy_interaction": -6.470214843750001e-05,
    "kinetic_energy": 32765.542400000002,
    "max_velocity": 23.55969439530148
  }
}