{
  "timestamp": "2026-01-16T16:23:27.254606",
  "data_source": "OpenSky Network (Live Aircraft)",
  "aircraft_count": 200,
  "grid": {
    "nx": 32,
    "ny": 32,
    "nz": 16
  },
  "simulation": {
    "success": true,
    "runtime": 0.043361663818359375,
    "ms_per_step": 0.43361663818359375,
    "cells": 16384,
    "throughput_Mcells": 37.784527984516586,
    "C_range": [
      0.8531537990338989,
      1.1637684742584764
    ],
    "delta_C": 0.062171067679574255,
    "remained_smooth": "True"
  },
  "conclusion": "UET validated with real-time data"
}