{
  "water": null,
  "glycerin": {
    "fluid": "Glycerin (Zero Curve Fitting)",
    "correlation": 0.8373747900776831,
    "magnitude_ratio": 1.3206336509815248e-06,
    "kappa": 0.0011825396825396826,
    "beta": 1.0,
    "u_max_uet": 1.1067612604165333e-08,
    "u_max_target": 0.008380532024107998
  },
  "bridge_constant": 1750.0
}