{
  "title": "archetype_weak_coupling",
  "description": "Simulation of C_I model. Final phase: BIAS_C. Energy reduction: 254.8%.",
  "key_params": {
    "model": "C_I",
    "grid": 48,
    "L": 10.0,
    "T": 10.0,
    "dt": 0.01,
    "\u03b2": 0.1,
    "\u03ba_C": 0.5,
    "\u03ba_I": 0.5,
    "aC_": -1.0,
    "\u03b4C_": 1.0,
    "sC_": 0.3,
    "aI_": -1.0,
    "\u03b4I_": 1.0,
    "sI_": 0.3
  },
  "metrics": {
    "\u03a9_0": 82.1178453418115,
    "\u03a9_T": -127.09176869715353,
    "\u0394\u03a9": 209.20961403896501,
    "\u0394\u03a9_rel": 2.5476753946494854,
    "mean_C_final": 1.1651120011934464,
    "mean_I_final": 1.1651120011934404,
    "bias_CI_final": 5.9952043329758445e-15,
    "phase": "BIAS_C",
    "\u03a9_std_tail": 1.4210854715202004e-14,
    "total_backtracks": 0
  },
  "model": "C_I",
  "generated_at": "2025-12-20T16:45:15.579450"
}