{
  "target": "galaxy",
  "optimal_params": {
    "kappa": 0.05589422583241736,
    "beta": 1.0543015739141945,
    "s": -0.20027805656948883
  },
  "error": 6699.29777867625,
  "n_iterations": 10,
  "convergence": 0.4725719779974813
}