{
  "target": "seizure",
  "optimal_params": {
    "kappa": 0.01,
    "beta": 1.817415495712151,
    "s": -0.21622453480596648
  },
  "error": 0.002029376132837028,
  "n_iterations": 50,
  "convergence": 0.3814000816497827
}