{
  "case_id": "ATL_C_009_s1",
  "run_id": "20251226-182640_ce3190476107",
  "model": "C_only",
  "status": "PASS",
  "fail_reasons": [],
  "warnings": [],
  "Omega0": 25.797232897996654,
  "OmegaT": 25.797232897996654,
  "Omega0_density": 25.797232897996654,
  "OmegaT_density": 25.797232897996654,
  "max_energy_increase": 0.0,
  "energy_increase_count": 0,
  "nan_inf_detected": false,
  "blowup_detected": false,
  "max_abs_C": 0.000622415898488242,
  "max_abs_I": 0.0,
  "max_L4_C": 0.053698716711871576,
  "max_L4_I": 0.0,
  "steps_total": 500000,
  "steps_accepted": 500000,
  "dt_min": 0.0005,
  "dt_max": 0.0005,
  "dt_backtracks_total": 0,
  "runtime_s": 463.0027527809143,
  "config_hash": "ce3190476107",
  "code_hash": "uet_harness_v0.1"
}