{
  "case_id": "toy_coffee_real_physics",
  "model": "realistic_brewing",
  "description": "Coffee brewing with REAL physics parameters",
  "real_params": {
    "T_coffee": 95.0,
    "T_milk": 5.0,
    "T_ambient": 20.0,
    "D_milk": 1e-09,
    "alpha_thermal": 1.4e-07,
    "rho_coffee": 1000.0,
    "rho_milk": 1030.0,
    "mu": 0.001,
    "g": 9.81,
    "L": 0.1,
    "H": 0.12,
    "t_mix": 30.0
  },
  "dimensionless_params": {
    "kappa_C": 2.9999999999999997e-06,
    "kappa_T": 0.00041999999999999996,
    "buoyancy": 1.0,
    "viscosity": 0.0029999999999999996,
    "density_ratio": 1.03,
    "Re": 333.33333333333337,
    "Ra": 1261285714.2857146
  },
  "grid": {
    "N": 32,
    "dims": 3
  },
  "time": {
    "T": 30.0,
    "dt": 0.05
  }
}