{
  "case_id": "ATL_C_022_s1",
  "run_id": "20251226-232543_5ac104ee64bd",
  "model": "C_only",
  "status": "PASS",
  "fail_reasons": [],
  "warnings": [],
  "Omega0": 128.990961004444,
  "OmegaT": 128.990961004444,
  "Omega0_density": 128.990961004444,
  "OmegaT_density": 128.990961004444,
  "max_energy_increase": 0.0,
  "energy_increase_count": 0,
  "nan_inf_detected": false,
  "blowup_detected": false,
  "max_abs_C": 1.560836318516557e-112,
  "max_abs_I": 0.0,
  "max_L4_C": 0.025396034500104917,
  "max_L4_I": 0.0,
  "steps_total": 500000,
  "steps_accepted": 500000,
  "dt_min": 0.0005,
  "dt_max": 0.0005,
  "dt_backtracks_total": 0,
  "runtime_s": 504.51189279556274,
  "config_hash": "5ac104ee64bd",
  "code_hash": "uet_harness_v0.1"
}