step,time,omega,kinetic,potential,entropy,gradient_norm,max_density,min_density,is_stable,gradient_energy,entropy_interaction,max_avalanche,avalanche_count,mean_size,power_law_exponent
0,1.0,0.5003125,0.0,0.00031250000000000006,0.0,0.0,1.0,0.0,True,0.5000000000000001,0.0,0,0,0.0,0.0
100,101.0,52.65843750000001,0.0,0.03343750000000001,0.0,0.0,2.0,0.0,True,52.62500000000001,0.0,0,0,0.0,0.0
200,201.0,106.69593750000001,0.0,0.07093750000000001,0.0,0.0,3.0,0.0,True,106.62500000000001,0.0,0,0,0.0,0.0
300,301.0,160.85968750000004,0.0,0.10968750000000002,0.0,0.0,3.0,0.0,True,160.75000000000003,0.0,0,0,0.0,0.0
400,401.0,207.27531250000004,0.0,0.15031250000000002,0.0,0.0,3.0,0.0,True,207.12500000000003,0.0,1,1,1.0,0.0
