{
  "run_id": "1768439586_Cosmo_Simulation",
  "simulation": "Cosmo_Simulation",
  "status": "COMPLETED",
  "timestamp": "Thu Jan 15 08:13:06 2026",
  "duration_seconds": 0.01227712631225586,
  "total_steps": 86,
  "metadata": {
    "nx": 1,
    "ny": 1,
    "dt": 0.01,
    "kappa": 0.1,
    "beta": 0.17,
    "alpha": 1.0,
    "C0": 0.0
  },
  "final_state": {
    "step": 85,
    "time": 0.8600000000000005,
    "omega": 0.6845616219385239,
    "kinetic": 0.0,
    "potential": 0.5096278542270778,
    "entropy": 0.0,
    "gradient_norm": 0.0,
    "max_density": 1.009581947369383,
    "min_density": 1.009581947369383,
    "is_stable": true,
    "gradient_energy": 0.0,
    "entropy_interaction": 0.17493376771144611,
    "scale_factor_a": 1.009581947369383,
    "redshift_z": -0.00949100505843059,
    "Hubble_H": 72.72923246785771,
    "Info_Density": 1.0192557084541556
  }
}