step,time,omega,kinetic,potential,entropy,gradient_norm,max_density,min_density,is_stable,gradient_energy,entropy_interaction,order_parameter,domain_count
0,0.01,-0.5006323485640107,0.0,-0.5006349324782177,0.0,0.0,0.00575834678942184,-0.007486449174508828,True,2.5839142069693767e-06,0.0,0.0020846791476312626,623
10,0.10999999999999999,-0.5480139357986817,0.0,-0.5715696029016274,0.0,0.0,0.8887454710992904,-0.8215751704893088,True,0.023555667102945658,0.0,0.3135050438259205,364
20,0.21000000000000005,-0.6547882879964932,0.0,-0.7273946999455845,0.0,0.0,1.0154351748067147,-0.946168940085689,True,0.0726064119490912,0.0,0.6120591671656338,330
30,0.3100000000000001,-0.6718704959822164,0.0,-0.7437103702761811,0.0,0.0,1.1853095530362021,-0.9491813126120365,True,0.07183987429396474,0.0,0.6351449291086417,300
40,0.4100000000000002,-0.6967688314160492,0.0,-0.7609988679396129,0.0,0.0,1.2520711723644213,-0.9777895089923224,True,0.06423003652356354,0.0,0.6576853667509581,279
