{
  "case_id": "ATL_C_013_s1",
  "run_id": "20251226-195554_613b304062de",
  "model": "C_only",
  "status": "PASS",
  "fail_reasons": [],
  "warnings": [],
  "Omega0": 25.797310543479547,
  "OmegaT": 25.797310543479547,
  "Omega0_density": 25.797310543479547,
  "OmegaT_density": 25.797310543479547,
  "max_energy_increase": 0.0,
  "energy_increase_count": 0,
  "nan_inf_detected": false,
  "blowup_detected": false,
  "max_abs_C": 0.0006223581250334085,
  "max_abs_I": 0.0,
  "max_L4_C": 0.053697561980369096,
  "max_L4_I": 0.0,
  "steps_total": 500000,
  "steps_accepted": 500000,
  "dt_min": 0.0005,
  "dt_max": 0.0005,
  "dt_backtracks_total": 0,
  "runtime_s": 454.60450172424316,
  "config_hash": "613b304062de",
  "code_hash": "uet_harness_v0.1"
}