{
  "case_id": "ATL_C_024_s0",
  "run_id": "20251227-000407_6ca9e8d269a5",
  "model": "C_only",
  "status": "PASS",
  "fail_reasons": [],
  "warnings": [],
  "Omega0": 127.02239587663429,
  "OmegaT": 127.02239587663429,
  "Omega0_density": 127.02239587663429,
  "OmegaT_density": 127.02239587663429,
  "max_energy_increase": 0.0,
  "energy_increase_count": 0,
  "nan_inf_detected": false,
  "blowup_detected": false,
  "max_abs_C": 0.18693518779532972,
  "max_abs_I": 0.0,
  "max_L4_C": 0.18693518779532972,
  "max_L4_I": 0.0,
  "steps_total": 500000,
  "steps_accepted": 500000,
  "dt_min": 0.0005,
  "dt_max": 0.0005,
  "dt_backtracks_total": 0,
  "runtime_s": 421.702632188797,
  "config_hash": "6ca9e8d269a5",
  "code_hash": "uet_harness_v0.1"
}