{
  "title": "Weak_Coupling",
  "description": "Simulation of C_I model. Final phase: BIAS_C. Energy reduction: 166.5%.",
  "key_params": {
    "model": "C_I",
    "grid": 32,
    "L": 10.0,
    "T": 5.0,
    "dt": 0.01,
    "\u03b2": 0.1,
    "\u03ba_C": 0.5,
    "\u03ba_I": 0.5,
    "aC_": -1.0,
    "\u03b4C_": 1.0,
    "sC_": 0.0,
    "aI_": -1.0,
    "\u03b4I_": 1.0,
    "sI_": 0.0
  },
  "metrics": {
    "\u03a9_0": 32.84872313467686,
    "\u03a9_T": -21.8423237929576,
    "\u0394\u03a9": 54.69104692763446,
    "\u0394\u03a9_rel": 1.6649367679652571,
    "mean_C_final": 0.5174111162794928,
    "mean_I_final": 0.3108905020617765,
    "bias_CI_final": 0.2065206142177162,
    "phase": "BIAS_C",
    "\u03a9_std_tail": 0.5630181060476557,
    "total_backtracks": 0
  },
  "model": "C_I",
  "generated_at": "2025-12-20T16:58:00.430437"
}