{
  "title": "archetype_strong_coupling",
  "description": "Simulation of C_I model. Final phase: BIAS_I. Energy reduction: 425.0%.",
  "key_params": {
    "model": "C_I",
    "grid": 48,
    "L": 10.0,
    "T": 10.0,
    "dt": 0.01,
    "\u03b2": 0.9,
    "\u03ba_C": 0.5,
    "\u03ba_I": 0.5,
    "aC_": -1.0,
    "\u03b4C_": 1.0,
    "sC_": 0.3,
    "aI_": -1.0,
    "\u03b4I_": 1.0,
    "sI_": 0.3
  },
  "metrics": {
    "\u03a9_0": 81.66672570458392,
    "\u03a9_T": -265.4506087029699,
    "\u0394\u03a9": 347.1173344075538,
    "\u0394\u03a9_rel": 4.250413267004168,
    "mean_C_final": 1.4514443386026086,
    "mean_I_final": 1.4514443386026117,
    "bias_CI_final": -3.1086244689504387e-15,
    "phase": "BIAS_I",
    "\u03a9_std_tail": 0.0,
    "total_backtracks": 0
  },
  "model": "C_I",
  "generated_at": "2025-12-20T16:45:12.664919"
}