{
  "run_id": "UET_Cluster_Stability",
  "simulation": "UET_Cluster_Stability",
  "status": "COMPLETED",
  "timestamp": "Fri Jan 30 09:57:07 2026",
  "duration_seconds": 0.0016474723815917969,
  "total_steps": 1,
  "metadata": {
    "nx": 40,
    "ny": 40,
    "dt": 0.001,
    "kappa": 0.1,
    "beta": 0.0005,
    "alpha": 0.0,
    "C0": 1.0
  },
  "final_state": {
    "step": 0,
    "time": 0.001,
    "omega": 3.9627301159429247,
    "kinetic": 0.0,
    "potential": 0.0,
    "entropy": 0.0,
    "gradient_norm": 0.0,
    "max_density": 5.704964853589897,
    "min_density": 0.017389624667185802,
    "is_stable": true,
    "gradient_energy": 3.9627301159429247,
    "entropy_interaction": 0.0,
    "M_baryon": 499.8743387876159,
    "M_halo": 0.0,
    "M_total": 499.8743387876159,
    "Halo_Ratio": 0.0,
    "V_virial": 0.0
  }
}