{
  "case_id": "ATL_C_022_s0",
  "run_id": "20251226-231711_fe82a98e26a0",
  "model": "C_only",
  "status": "PASS",
  "fail_reasons": [],
  "warnings": [],
  "Omega0": 127.02207329554406,
  "OmegaT": 127.02207329554406,
  "Omega0_density": 127.02207329554406,
  "OmegaT_density": 127.02207329554406,
  "max_energy_increase": 0.0,
  "energy_increase_count": 0,
  "nan_inf_detected": false,
  "blowup_detected": false,
  "max_abs_C": 4.0441618184939027e-112,
  "max_abs_I": 0.0,
  "max_L4_C": 0.02613539195744315,
  "max_L4_I": 0.0,
  "steps_total": 500000,
  "steps_accepted": 500000,
  "dt_min": 0.0005,
  "dt_max": 0.0005,
  "dt_backtracks_total": 0,
  "runtime_s": 504.0588788986206,
  "config_hash": "fe82a98e26a0",
  "code_hash": "uet_harness_v0.1"
}