{
  "case_id": "ATL_C_003_s0",
  "run_id": "20251226-160026_d6a173d4dc2a",
  "model": "C_only",
  "status": "PASS",
  "fail_reasons": [],
  "warnings": [],
  "Omega0": 25.398808454559326,
  "OmegaT": 25.398808454559326,
  "Omega0_density": 25.398808454559326,
  "OmegaT_density": 25.398808454559326,
  "max_energy_increase": 0.0,
  "energy_increase_count": 0,
  "nan_inf_detected": false,
  "blowup_detected": false,
  "max_abs_C": 1.0880339146912026,
  "max_abs_I": 0.0,
  "max_L4_C": 1.0880339146912026,
  "max_L4_I": 0.0,
  "steps_total": 500000,
  "steps_accepted": 500000,
  "dt_min": 0.0005,
  "dt_max": 0.0005,
  "dt_backtracks_total": 0,
  "runtime_s": 441.1933436393738,
  "config_hash": "d6a173d4dc2a",
  "code_hash": "uet_harness_v0.1"
}