step,time,omega,kinetic,potential,entropy,gradient_norm,max_density,min_density,is_stable,gradient_energy,entropy_interaction,order_parameter,domain_count
0,0.01,-0.4991389647074984,0.0,-0.4991411278976797,0.0,0.0,0.006721918145047384,-0.004489440717877924,True,2.1631901813046724e-06,0.0,0.0017362395656831029,677
10,0.10999999999999999,-0.516249750991431,0.0,-0.5236752305273437,0.0,0.0,0.5974936676144464,-0.4593608848891821,True,0.0074254795359125466,0.0,0.1828339250057384,348
20,0.21000000000000005,-0.6863658495917329,0.0,-0.7531027922093037,0.0,0.0,0.9943877514943154,-0.9765913538306716,True,0.06673694261757077,0.0,0.6549675931683967,292
30,0.3100000000000001,-0.7523857106118813,0.0,-0.808475301126386,0.0,0.0,1.0174866731103052,-1.1332555960218715,True,0.056089590514504614,0.0,0.73167024882028,236
40,0.4100000000000002,-0.7723387870961227,0.0,-0.8263649644538907,0.0,0.0,1.2819618664027659,-1.2411174363062263,True,0.05402617735776807,0.0,0.7431810718343079,200
