{
  "run_id": "1768979721_Quantum_Entanglement",
  "simulation": "Quantum_Entanglement",
  "status": "COMPLETED",
  "timestamp": "Wed Jan 21 14:15:21 2026",
  "duration_seconds": 0.0007967948913574219,
  "total_steps": 1,
  "metadata": {
    "nx": 60,
    "ny": 1,
    "dt": 0.001,
    "kappa": 0.1,
    "beta": 2.870978885078724e-21,
    "alpha": 1.0,
    "C0": 0.0
  },
  "final_state": {
    "step": 0,
    "time": 0.001,
    "omega": 3.297007903427149e-41,
    "kinetic": 0.0,
    "potential": 3.297007903427149e-41,
    "entropy": 0.0,
    "gradient_norm": 0.0,
    "max_density": 8.120354553130238e-21,
    "min_density": 8.120354553130238e-21,
    "is_stable": true,
    "gradient_energy": 0.0,
    "entropy_interaction": 0.0,
    "mode": "entanglement",
    "metric_val": 8.120354553130238e-21,
    "violation": false
  }
}