{
  "case_id": "run_coffee",
  "run_id": "20251226-062659_d46fdac6a751",
  "model": "C_I",
  "status": "PASS",
  "fail_reasons": [],
  "warnings": [],
  "Omega0": 143.64333667374547,
  "OmegaT": -3.345710203250647e-05,
  "Omega0_density": 143.64333667374547,
  "OmegaT_density": -3.345710203250647e-05,
  "max_energy_increase": 0.0,
  "energy_increase_count": 0,
  "nan_inf_detected": false,
  "blowup_detected": false,
  "max_abs_C": 0.008574354799644737,
  "max_abs_I": 0.002691188925126007,
  "max_L4_C": 0.01203601083962647,
  "max_L4_I": 0.013775609882337005,
  "steps_total": 400,
  "steps_accepted": 400,
  "dt_min": 0.005,
  "dt_max": 0.005,
  "dt_backtracks_total": 0,
  "runtime_s": 0.7800111770629883,
  "config_hash": "d46fdac6a751",
  "code_hash": "uet_harness_v0.1",
  "fail_code": "PASS"
}