{
  "case_id": "demo_backtrack_test",
  "run_id": "",
  "model": "C_I",
  "status": "PASS",
  "fail_reasons": [],
  "warnings": [],
  "Omega0": 32.50074645747643,
  "OmegaT": -188.08954469100615,
  "Omega0_density": 0.3250074645747643,
  "OmegaT_density": -1.8808954469100616,
  "max_energy_increase": 0.0,
  "energy_increase_count": 0,
  "nan_inf_detected": false,
  "blowup_detected": false,
  "max_abs_C": 1.2758997721602645,
  "max_abs_I": 1.2763974223531138,
  "max_L4_C": 1.2710370067009875,
  "max_L4_I": 1.270816068077819,
  "steps_total": 200,
  "steps_accepted": 200,
  "steps_rejected": 0,
  "acceptance_ratio": 1.0,
  "dt_min": 0.009999999999998455,
  "dt_max": 0.01,
  "dt_backtracks_total": 0,
  "avg_backtracks_per_step": 0.0,
  "runtime_s": 0.0,
  "config_hash": "",
  "code_hash": "unknown"
}